"source","target","sectionspeed"
"IT03466","EU00150","30.0"
"IT03466","EU00151","75.0"
"EU00116","IT03015","150.0"
"EU00115","IT02001","55.0"
"IT01110","IT13653","105.0"
"IT01111","IT01113","105.0"
"IT01023","IT01022","95.0"
"IT01952","IT01023","95.0"
"EU00153","IT01952","95.0"
"EU00152","IT01110","105.0"
"IT02115","EU00114","80.0"
"IT01854","IT05014","80.0"
"IT01022","IT01003","90.0"
"IT13653","IT01111","105.0"
"IT02114","IT02115","80.0"
"IT08990","IT08991","300.0"
"IT08500","IT08989","220.0"
"IT08995","IT08667","100.0"
"IT08995","IT08992","300.0"
"IT08989","IT08990","300.0"
"IT08992","IT08993","300.0"
"IT08220","IT08500","60.0"
"IT08994","IT09950","300.0"
"IT08993","IT08994","300.0"
"IT09954","IT09300","60.0"
"IT09954","IT09988","300.0"
"IT09951","IT09952","300.0"
"IT09126","IT09125","160.0"
"IT09126","IT09710","160.0"
"IT09953","IT09954","300.0"
"IT09953","IT09956","160.0"
"IT09217","IT09710","140.0"
"IT09952","IT09953","300.0"
"IT09198","IT09950","160.0"
"IT09950","IT09951","300.0"
"IT00762","IT00763","300.0"
"IT00760","IT00761","300.0"
"IT01039","IT01640","140.0"
"IT00761","IT00762","300.0"
"IT00761","IT00238","300.0"
"IT01038","IT01171","300.0"
"IT01171","IT01039","160.0"
"IT00763","IT00764","300.0"
"IT00764","IT01038","300.0"
"IT00764","IT00040","100.0"
"IT05255","IT05254","300.0"
"IT05252","IT05251","300.0"
"IT05251","IT05250","300.0"
"IT05251","IT01559","100.0"
"IT05250","IT01554","300.0"
"IT05321","IT05043","125.0"
"IT01552","IT01551","300.0"
"IT01820","IT01551","205.0"
"IT05254","IT05253","300.0"
"IT01553","IT01552","300.0"
"IT01553","IT01556","160.0"
"IT05082","IT05048","140.0"
"IT05253","IT05260","300.0"
"IT05046","IT05048","135.0"
"IT05259","IT05041","125.0"
"IT05259","IT05258","250.0"
"IT01557","IT01554","160.0"
"IT05260","IT05252","300.0"
"IT05260","IT01854","150.0"
"IT05047","IT05321","125.0"
"IT05047","IT05259","250.0"
"IT05256","IT05255","300.0"
"IT05256","IT05262","160.0"
"IT05258","IT05256","300.0"
"IT05048","IT05047","180.0"
"IT05264","IT05258","185.0"
"IT01554","IT01553","300.0"
"IT05273","IT05298","300.0"
"IT05046","IT05272","180.0"
"IT05003","IT05272","140.0"
"IT05272","IT05273","300.0"
"IT05298","IT05275","300.0"
"IT05275","IT06419","300.0"
"IT01732","IT01811","160.0"
"IT01730","IT01732","300.0"
"EU00129","IT04480","75.0"
"IT04481","IT04482","80.0"
"IT00613","IT00614","95.0"
"IT00617","EU00128","85.0"
"IT00610","IT00613","95.0"
"IT04482","IT04501","80.0"
"IT04480","IT04483","80.0"
"IT00616","IT00617","85.0"
"IT00614","IT00615","95.0"
"IT00615","IT00616","135.0"
"IT04483","IT04481","80.0"
"IT05804","IT05805","120.0"
"IT05805","IT05806","120.0"
"IT05802","IT05804","120.0"
"IT05810","IT05811","120.0"
"IT05808","IT05809","120.0"
"IT05807","IT05808","120.0"
"IT05806","IT05807","110.0"
"IT05809","IT05810","120.0"
"IT05816","IT05817","105.0"
"IT05819","IT05820","130.0"
"IT05812","IT05813","130.0"
"IT05815","IT05816","105.0"
"IT05814","IT05815","130.0"
"IT05817","IT05818","105.0"
"IT05820","IT05071","105.0"
"IT05818","IT05819","130.0"
"IT05811","IT05812","110.0"
"IT05813","IT05814","130.0"
"IT05058","IT05955","100.0"
"IT05955","IT05956","135.0"
"IT05956","IT05951","105.0"
"IT05953","IT05950","135.0"
"IT05952","IT05953","135.0"
"IT05954","IT05952","105.0"
"IT05951","IT05954","105.0"
"IT05905","IT05951","120.0"
"IT05900","IT05905","120.0"
"IT05056","IT05900","120.0"
"IT05902","IT05903","120.0"
"IT05951","IT05902","120.0"
"IT05904","IT05811","120.0"
"IT05903","IT05904","120.0"
"IT05955","IT05903","135.0"
"IT00601","IT00602","150.0"
"IT00600","IT00601","150.0"
"IT00603","IT00604","150.0"
"IT00604","IT00606","150.0"
"IT00602","IT00603","150.0"
"IT00455","IT00600","150.0"
"IT06703","IT06904","85.0"
"IT06705","IT06703","85.0"
"IT06700","IT06701","100.0"
"IT06704","IT06700","100.0"
"IT06604","IT06704","100.0"
"IT06701","IT06702","85.0"
"IT06702","IT06705","85.0"
"IT06611","IT06610","80.0"
"IT06617","IT06618","105.0"
"IT06607","IT06611","80.0"
"IT06612","IT06613","105.0"
"IT06606","IT06607","80.0"
"IT06604","IT06606","80.0"
"IT06610","IT06612","105.0"
"IT06615","IT06617","105.0"
"IT06618","IT06614","100.0"
"IT06613","IT06615","105.0"
"IT06614","IT05058","140.0"
"IT06659","IT06602","130.0"
"IT06602","IT06601","110.0"
"IT06603","IT06659","130.0"
"IT06601","IT06953","100.0"
"IT06604","IT06603","130.0"
"IT06952","IT06958","100.0"
"IT06953","IT06952","100.0"
"IT06958","IT06950","75.0"
"IT06350","IT06351","120.0"
"IT06351","IT06403","105.0"
"IT06040","IT06350","120.0"
"IT06403","IT06404","140.0"
"IT05122","IT05115","70.0"
"IT05118","IT05122","70.0"
"IT05123","IT05112","70.0"
"IT05115","IT05116","70.0"
"IT05110","IT05123","85.0"
"IT05119","IT05113","70.0"
"IT05117","IT05151","80.0"
"IT05116","IT05117","70.0"
"IT05151","IT06414","80.0"
"IT05112","IT05119","70.0"
"IT05113","IT05118","70.0"
"IT06410","IT06412","140.0"
"IT06409","IT06410","140.0"
"IT06404","IT06405","140.0"
"IT06411","IT06413","140.0"
"IT06405","IT06406","140.0"
"IT06406","IT06407","140.0"
"IT06408","IT06409","110.0"
"IT06412","IT06411","140.0"
"IT06407","IT06408","110.0"
"IT06413","IT06414","140.0"
"IT06499","IT06400","140.0"
"IT06057","IT06056","115.0"
"IT06402","IT06403","100.0"
"IT06401","IT06402","140.0"
"IT06400","IT06401","140.0"
"IT06415","IT06426","150.0"
"IT06426","IT06422","150.0"
"IT06422","IT06416","120.0"
"IT06414","IT06415","150.0"
"IT06223","IT06224","85.0"
"IT06313","IT06404","100.0"
"IT06224","IT06225","80.0"
"IT06322","IT06300","85.0"
"IT06220","IT06222","85.0"
"IT06013","IT06220","85.0"
"IT06306","IT06308","75.0"
"IT06222","IT06223","85.0"
"IT06325","IT06324","80.0"
"IT06323","IT06322","85.0"
"IT06324","IT06323","85.0"
"IT06227","IT06325","140.0"
"IT06302","IT06303","85.0"
"IT06309","IT06310","75.0"
"IT06310","IT06312","85.0"
"IT06225","IT06226","80.0"
"IT06312","IT06313","100.0"
"IT06308","IT06309","75.0"
"IT06300","IT06301","80.0"
"IT06303","IT06304","85.0"
"IT06301","IT06302","85.0"
"IT06226","IT06227","85.0"
"IT06304","IT06306","85.0"
"IT00950","IT00951","150.0"
"IT00606","IT00950","150.0"
"IT00951","IT00952","150.0"
"IT06055","IT06773","135.0"
"IT06774","IT06772","75.0"
"IT06773","IT06774","135.0"
"IT06510","IT06807","110.0"
"IT06801","IT06802","150.0"
"IT06802","IT06803","150.0"
"IT06806","IT06805","150.0"
"IT06803","IT06806","150.0"
"IT06807","IT06801","110.0"
"IT06826","IT06809","95.0"
"IT06808","IT06826","95.0"
"IT06805","IT06808","90.0"
"IT06812","IT06825","120.0"
"IT06811","IT06812","120.0"
"IT06825","IT06813","90.0"
"IT06809","IT06811","95.0"
"IT06854","IT06855","140.0"
"IT06851","IT06852","120.0"
"IT06850","IT06851","105.0"
"IT06813","IT06850","90.0"
"IT06852","IT06854","120.0"
"IT06855","IT06856","140.0"
"IT07514","IT07554","115.0"
"IT07022","IT07552","115.0"
"IT07023","IT07022","115.0"
"IT07551","IT07555","105.0"
"IT07554","IT07023","115.0"
"IT07557","IT07550","75.0"
"IT07552","IT07024","115.0"
"IT07024","IT07551","115.0"
"IT07556","IT07557","85.0"
"IT07555","IT07556","85.0"
"IT07712","IT07437","140.0"
"IT07704","IT07703","90.0"
"IT07700","IT08539","90.0"
"IT07705","IT07704","90.0"
"IT07811","IT07017","95.0"
"IT07437","IT07710","140.0"
"IT07710","IT07708","150.0"
"IT07025","IT07712","140.0"
"IT07708","IT07707","95.0"
"IT07716","IT07025","140.0"
"IT07706","IT07705","95.0"
"IT07017","IT07716","140.0"
"IT07714","IT07706","95.0"
"IT07707","IT07714","95.0"
"IT07703","IT07700","115.0"
"IT07303","IT07311","75.0"
"IT07312","IT07308","95.0"
"IT07307","IT07313","75.0"
"IT07309","IT07312","90.0"
"IT07506","IT07310","115.0"
"IT07301","IT07300","75.0"
"IT07308","IT07314","75.0"
"IT07305","IT07304","110.0"
"IT07311","IT07302","75.0"
"IT07304","IT07303","75.0"
"IT07302","IT07301","65.0"
"IT07314","IT07307","75.0"
"IT07313","IT07306","75.0"
"IT07306","IT07305","110.0"
"IT07300","IT07207","75.0"
"IT07310","IT07309","115.0"
"IT07000","IT07001","140.0"
"IT07001","IT07011","135.0"
"IT07011","IT07002","110.0"
"IT07014","IT07003","120.0"
"IT07004","IT07005","115.0"
"IT07002","IT07014","120.0"
"IT07020","IT07006","110.0"
"IT06922","IT07000","140.0"
"IT07007","IT07008","120.0"
"IT07013","IT07020","110.0"
"IT07008","IT07009","120.0"
"IT07006","IT07004","115.0"
"IT07010","IT07217","125.0"
"IT07005","IT07012","120.0"
"IT07012","IT07007","120.0"
"IT07003","IT07013","120.0"
"IT07009","IT07010","125.0"
"IT08306","IT08307","85.0"
"IT08309","IT08310","90.0"
"IT08312","IT08313","95.0"
"IT08316","IT08317","95.0"
"IT08304","IT08306","85.0"
"IT08308","IT08309","90.0"
"IT08314","IT08315","90.0"
"IT08310","IT08311","90.0"
"IT08317","IT08318","90.0"
"IT08311","IT08312","95.0"
"IT08307","IT08308","105.0"
"IT08313","IT08314","95.0"
"IT08318","IT08319","90.0"
"IT08315","IT08316","95.0"
"IT00954","IT00742","140.0"
"IT00953","IT00954","140.0"
"IT00952","IT00953","110.0"
"IT08713","IT08709","70.0"
"IT08709","IT08710","90.0"
"IT08706","IT08707","110.0"
"IT08602","IT08705","105.0"
"IT08716","IT08713","110.0"
"IT08714","IT08716","110.0"
"IT08705","IT08706","110.0"
"IT08707","IT08708","110.0"
"IT08708","IT08714","110.0"
"IT08533","IT08532","95.0"
"IT08548","IT08530","85.0"
"IT08534","IT08533","95.0"
"IT08528","IT08552","130.0"
"IT08539","IT08538","90.0"
"IT08552","IT08526","130.0"
"IT08530","IT08550","80.0"
"IT08550","IT08528","85.0"
"IT08536","IT08535","80.0"
"IT08538","IT08537","90.0"
"IT08532","IT08548","95.0"
"IT08535","IT08534","90.0"
"IT08537","IT08536","85.0"
"IT08525","IT08524","150.0"
"IT08510","IT08508","105.0"
"IT08516","IT08515","75.0"
"IT08518","IT08517","95.0"
"IT08524","IT08523","150.0"
"IT08526","IT08525","140.0"
"IT08519","IT08518","95.0"
"IT08521","IT08520","80.0"
"IT08507","IT08506","85.0"
"IT08520","IT08519","80.0"
"IT08523","IT08522","150.0"
"IT08512","IT08511","85.0"
"IT08517","IT08516","75.0"
"IT08508","IT08507","85.0"
"IT08522","IT08521","95.0"
"IT08515","IT08512","85.0"
"IT08511","IT08510","85.0"
"IT08856","IT08815","75.0"
"IT08812","IT08852","75.0"
"IT08853","IT08813","75.0"
"IT08526","IT08850","105.0"
"IT08813","IT08855","75.0"
"IT08814","IT08856","75.0"
"IT08850","IT08810","60.0"
"IT08858","IT08859","65.0"
"IT08816","IT08857","75.0"
"IT08819","IT08861","80.0"
"IT08810","IT08811","60.0"
"IT08859","IT08817","80.0"
"IT08818","IT08819","80.0"
"IT08815","IT08816","75.0"
"IT08820","IT08668","70.0"
"IT08852","IT08853","75.0"
"IT08855","IT08814","75.0"
"IT08817","IT08818","80.0"
"IT08857","IT08858","85.0"
"IT08811","IT08812","75.0"
"IT08861","IT08820","70.0"
"IT08715","IT08712","55.0"
"IT08712","IT08699","55.0"
"IT08711","IT08704","50.0"
"IT08703","IT08711","50.0"
"IT08650","IT08715","55.0"
"IT08701","IT08703","50.0"
"IT08699","IT08701","55.0"
"IT08733","IT08737","105.0"
"IT08737","IT08739","105.0"
"IT08650","IT08730","75.0"
"IT08738","IT08731","105.0"
"IT08731","IT08735","105.0"
"IT08732","IT08733","105.0"
"IT08735","IT08732","105.0"
"IT08730","IT08738","105.0"
"IT08739","IT08734","105.0"
"IT09829","IT09830","85.0"
"IT09824","IT09825","95.0"
"IT09825","IT09826","95.0"
"IT09828","IT09841","95.0"
"IT09831","IT09832","85.0"
"IT09832","IT09842","85.0"
"IT09826","IT09827","95.0"
"IT09823","IT09824","130.0"
"IT09842","IT09833","85.0"
"IT09833","IT09834","85.0"
"IT09834","IT11420","95.0"
"IT09827","IT09828","105.0"
"IT09841","IT09829","95.0"
"IT09830","IT09831","80.0"
"IT09302","IT09211","110.0"
"IT09300","IT09301","150.0"
"IT09301","IT09302","150.0"
"IT09006","IT09300","120.0"
"IT09997","IT09994","100.0"
"IT09005","IT09300","140.0"
"IT09214","IT09995","60.0"
"IT09996","IT09213","100.0"
"IT09990","IT09997","100.0"
"IT09300","IT09990","100.0"
"IT09223","IT09997","30.0"
"IT09451","IT09050","75.0"
"IT09452","IT09456","75.0"
"IT09453","IT09451","120.0"
"IT00743","IT00744","90.0"
"IT00742","IT00743","90.0"
"IT00745","IT04805","95.0"
"IT00744","IT00745","80.0"
"IT09050","IT09053","75.0"
"IT09118","IT09061","90.0"
"IT09058","IT09060","120.0"
"IT09062","IT09203","90.0"
"IT09053","IT09056","95.0"
"IT09056","IT09058","95.0"
"IT09060","IT09118","90.0"
"IT09061","IT09062","90.0"
"IT09213","IT09119","110.0"
"IT09119","IT09700","110.0"
"IT09119","IT09699","30.0"
"IT09701","IT09702","110.0"
"IT09700","IT09701","110.0"
"IT09712","IT09702","100.0"
"IT09712","IT09717","180.0"
"IT09717","IT09714","140.0"
"IT09709","IT09703","85.0"
"IT09814","IT09709","30.0"
"IT09814","IT09815","140.0"
"IT09819","IT09818","90.0"
"IT09816","IT09817","95.0"
"IT09817","IT09819","90.0"
"IT09815","IT09816","140.0"
"IT09838","IT09839","80.0"
"IT09818","IT09835","80.0"
"IT09835","IT09836","80.0"
"IT09837","IT09838","80.0"
"IT09836","IT09837","80.0"
"IT09520","IT09798","85.0"
"IT09798","IT09521","85.0"
"IT09799","IT09818","60.0"
"IT09524","IT09799","60.0"
"IT09519","IT09520","85.0"
"IT09522","IT09524","85.0"
"IT09706","IT09519","85.0"
"IT09521","IT09522","85.0"
"IT00732","IT00821","135.0"
"IT00601","IT00730","135.0"
"IT00731","IT00732","135.0"
"IT00730","IT00731","135.0"
"IT11129","IT11130","147.5"
"IT11127","IT11152","150.0"
"IT11133","IT11135","145.0"
"IT11126","IT11127","150.0"
"IT11121","IT11125","115.0"
"IT11130","IT11131","145.0"
"IT11131","IT11132","145.0"
"IT11135","IT11136","145.0"
"IT11128","IT11129","147.5"
"IT11152","IT11128","150.0"
"IT11125","IT11004","150.0"
"IT11004","IT11126","150.0"
"IT11132","IT11133","145.0"
"IT11119","IT11121","115.0"
"IT11136","IT11141","200.0"
"IT11134","IT11145","60.0"
"IT11141","IT11142","200.0"
"IT11143","IT11144","200.0"
"IT11142","IT11143","200.0"
"IT11144","IT11145","145.0"
"IT11204","IT11205","95.0"
"IT11201","IT11202","135.0"
"IT11221","IT11201","135.0"
"IT11202","IT11203","105.0"
"IT11203","IT11204","105.0"
"IT11215","IT11217","85.0"
"IT11217","IT11001","85.0"
"IT11210","IT11211","85.0"
"IT11219","IT11206","105.0"
"IT11220","IT11213","85.0"
"IT11218","IT11215","105.0"
"IT11211","IT11212","85.0"
"IT11205","IT11219","80.0"
"IT11206","IT11208","80.0"
"IT11213","IT11214","85.0"
"IT11208","IT11209","85.0"
"IT11209","IT11210","80.0"
"IT11212","IT11220","85.0"
"IT11001","IT11420","85.0"
"IT11214","IT11216","110.0"
"IT11216","IT11218","85.0"
"IT11460","IT11461","130.0"
"IT11420","IT11450","95.0"
"IT11459","IT11460","130.0"
"IT11455","IT11456","95.0"
"IT11450","IT11451","95.0"
"IT11453","IT11454","95.0"
"IT11457","IT11458","130.0"
"IT11451","IT11452","95.0"
"IT11452","IT11453","95.0"
"IT11456","IT11457","130.0"
"IT11458","IT11459","130.0"
"IT11454","IT11455","95.0"
"IT11520","IT11465","110.0"
"IT11462","IT11463","130.0"
"IT11464","IT11002","130.0"
"IT11463","IT11464","130.0"
"IT11002","IT11512","60.0"
"IT11002","IT11026","130.0"
"IT11461","IT11462","130.0"
"IT11026","IT11520","110.0"
"IT11465","IT11600","110.0"
"IT11601","IT11602","120.0"
"IT11602","IT11608","95.0"
"IT11606","IT11607","130.0"
"IT11123","IT11139","140.0"
"IT11608","IT11603","130.0"
"IT11600","IT11601","130.0"
"IT11605","IT11606","130.0"
"IT11603","IT11605","130.0"
"IT11139","IT11136","140.0"
"IT11607","IT11123","140.0"
"IT11501","IT11502","150.0"
"IT11517","IT11003","85.0"
"IT11003","IT11516","150.0"
"IT11000","IT11517","85.0"
"IT11504","IT11505","140.0"
"IT11516","IT11501","150.0"
"IT11502","IT11503","150.0"
"IT11503","IT11504","150.0"
"IT11510","IT11512","140.0"
"IT11507","IT11508","150.0"
"IT11508","IT11509","140.0"
"IT11512","IT11026","140.0"
"IT11509","IT11510","140.0"
"IT11505","IT11514","150.0"
"IT11514","IT11507","150.0"
"IT00081","IT00841","130.0"
"IT00470","IT00472","60.0"
"IT11809","IT11810","150.0"
"IT11808","IT11809","150.0"
"IT11805","IT11806","105.0"
"IT11461","IT11801","150.0"
"IT11801","IT11802","150.0"
"IT11802","IT11803","150.0"
"IT11803","IT11804","150.0"
"IT11807","IT11808","150.0"
"IT11804","IT11805","150.0"
"IT11806","IT11807","150.0"
"IT11810","IT11811","150.0"
"IT11830","IT11831","140.0"
"IT11823","IT11825","150.0"
"IT11825","IT11826","110.0"
"IT11819","IT11820","140.0"
"IT11829","IT11830","140.0"
"IT11832","IT11833","140.0"
"IT11869","IT11812","150.0"
"IT11822","IT11871","140.0"
"IT11818","IT11819","140.0"
"IT11813","IT11961","140.0"
"IT11817","IT11818","105.0"
"IT11961","IT11814","140.0"
"IT11826","IT11827","140.0"
"IT11828","IT11829","140.0"
"IT11811","IT11869","150.0"
"IT11871","IT11823","150.0"
"IT11821","IT11822","140.0"
"IT11812","IT11813","150.0"
"IT11831","IT11832","140.0"
"IT11827","IT11828","140.0"
"IT11815","IT11817","140.0"
"IT11820","IT11821","140.0"
"IT11814","IT11815","140.0"
"IT11862","IT11863","125.0"
"IT11846","IT11847","140.0"
"IT11860","IT11861","140.0"
"IT11872","IT11856","100.0"
"IT11865","IT11969","140.0"
"IT11867","IT11868","120.0"
"IT11868","IT11866","120.0"
"IT11845","IT11846","140.0"
"IT11861","IT11862","140.0"
"IT11854","IT11855","140.0"
"IT11857","IT11858","130.0"
"IT11844","IT11845","140.0"
"IT11840","IT11841","140.0"
"IT11842","IT11843","140.0"
"IT11856","IT11857","140.0"
"IT11858","IT11859","120.0"
"IT11841","IT11842","140.0"
"IT11863","IT11870","132.5"
"IT11837","IT11840","140.0"
"IT11866","IT11970","120.0"
"IT11859","IT11860","100.0"
"IT11835","IT11836","125.0"
"IT11870","IT11864","132.5"
"IT11833","IT11835","140.0"
"IT11843","IT11844","140.0"
"IT11853","IT11854","140.0"
"IT11848","IT11850","140.0"
"IT11969","IT11867","120.0"
"IT11855","IT11872","140.0"
"IT11851","IT11853","140.0"
"IT11970","IT11781","60.0"
"IT11850","IT11851","140.0"
"IT11836","IT11837","125.0"
"IT11864","IT11865","140.0"
"IT11847","IT11848","95.0"
"IT11951","IT11952","85.0"
"IT11950","IT11951","85.0"
"IT11749","IT11950","85.0"
"IT11956","IT11833","145.0"
"IT11954","IT11956","145.0"
"IT11952","IT11953","85.0"
"IT11953","IT11954","85.0"
"IT11964","IT11755","150.0"
"IT11755","IT11909","150.0"
"IT11739","IT11751","105.0"
"IT11751","IT11964","150.0"
"IT11751","IT11740","105.0"
"IT11755","IT11756","105.0"
"IT11909","IT11910","105.0"
"IT11903","IT11904","150.0"
"IT11811","IT11901","150.0"
"IT11909","IT11756","105.0"
"IT11905","IT11906","90.0"
"IT11901","IT11903","150.0"
"IT11756","IT11908","150.0"
"IT11906","IT11908","90.0"
"IT11904","IT11905","150.0"
"IT12309","IT12310","110.0"
"IT12001","IT12355","140.0"
"IT12060","IT12059","150.0"
"IT12315","IT12316","105.0"
"IT12312","IT12313","110.0"
"IT12320","IT12321","110.0"
"IT12335","IT12332","55.0"
"IT12322","IT12323","135.0"
"IT12333","IT12334","95.0"
"IT12314","IT12315","105.0"
"IT12321","IT12322","105.0"
"IT12313","IT12314","105.0"
"IT12005","IT12060","150.0"
"IT12326","IT12327","150.0"
"IT12059","IT12308","150.0"
"IT12316","IT12317","95.0"
"IT12328","IT12330","135.0"
"IT12330","IT12333","135.0"
"IT12308","IT12309","110.0"
"IT12003","IT12305","150.0"
"IT12324","IT12326","150.0"
"IT12327","IT12328","150.0"
"IT12311","IT12312","110.0"
"IT12007","IT12001","140.0"
"IT12303","IT12003","150.0"
"IT12305","IT12005","150.0"
"IT12317","IT12320","110.0"
"IT12323","IT12324","135.0"
"IT12334","IT12335","95.0"
"IT12310","IT12311","110.0"
"IT12355","IT12303","150.0"
"IT00867","IT04100","90.0"
"IT04102","IT04103","90.0"
"IT04101","IT04102","90.0"
"IT04100","IT04101","90.0"
"IT12057","IT12337","95.0"
"IT12336","IT12337","130.0"
"IT12338","IT12336","130.0"
"IT12338","IT12340","130.0"
"IT12342","IT12344","100.0"
"IT12353","IT12349","130.0"
"IT12347","IT12353","135.0"
"IT12344","IT12345","95.0"
"IT12341","IT12342","95.0"
"IT12340","IT12341","105.0"
"IT12345","IT12347","140.0"
"IT12277","IT12276","70.0"
"IT12273","IT12272","75.0"
"IT12275","IT12273","75.0"
"IT12272","IT12270","80.0"
"IT12340","IT12278","90.0"
"IT12276","IT12275","70.0"
"IT12278","IT12277","75.0"
"IT12411","IT12412","80.0"
"IT12412","IT12413","80.0"
"IT12414","IT12416","75.0"
"IT12409","IT12410","95.0"
"IT12416","IT12417","75.0"
"IT12430","IT12408","105.0"
"IT12408","IT12409","90.0"
"IT12413","IT12414","80.0"
"IT12410","IT12411","130.0"
"IT12407","IT12430","95.0"
"IT12420","IT12421","80.0"
"IT12417","IT12418","75.0"
"IT12418","IT12419","90.0"
"IT12422","IT12423","80.0"
"IT12428","IT12349","85.0"
"IT12421","IT12422","75.0"
"IT12023","IT12428","80.0"
"IT12423","IT12424","80.0"
"IT12426","IT12427","90.0"
"IT12419","IT12420","90.0"
"IT12424","IT12426","90.0"
"IT12427","IT12023","80.0"
"IT12039","IT12038","110.0"
"IT12021","IT12019","90.0"
"IT12049","IT12054","180.0"
"IT12042","IT12041","155.0"
"IT12017","IT12015","160.0"
"IT12038","IT12037","110.0"
"IT12071","IT12070","160.0"
"IT12029","IT12028","110.0"
"IT12034","IT12033","105.0"
"IT12027","IT12026","110.0"
"IT12053","IT12025","120.0"
"IT12040","IT12043","155.0"
"IT12022","IT12021","90.0"
"IT12030","IT12029","110.0"
"IT12041","IT12040","155.0"
"IT12037","IT12036","110.0"
"IT12050","IT12049","180.0"
"IT12025","IT12024","120.0"
"IT12007","IT12050","180.0"
"IT12045","IT12042","180.0"
"IT12033","IT12031","110.0"
"IT12026","IT12053","120.0"
"IT12051","IT12036","180.0"
"IT12019","IT12071","100.0"
"IT12036","IT12034","105.0"
"IT12031","IT12030","110.0"
"IT12054","IT12061","180.0"
"IT12043","IT12039","100.0"
"IT12043","IT12051","180.0"
"IT12024","IT12022","100.0"
"IT12070","IT12017","120.0"
"IT12061","IT12045","180.0"
"IT12028","IT12027","110.0"
"IT12014","IT12013","125.0"
"IT12011","IT12010","135.0"
"IT12010","IT12009","135.0"
"IT12015","IT12014","130.0"
"IT12008","IT12035","140.0"
"IT12009","IT12008","135.0"
"IT12035","IT12032","140.0"
"IT12032","IT12055","140.0"
"IT12012","IT12011","125.0"
"IT12013","IT12012","125.0"
"IT12233","IT12232","100.0"
"IT12230","IT12068","95.0"
"IT12204","IT12068","95.0"
"IT12380","IT12235","100.0"
"IT12235","IT12234","95.0"
"IT12231","IT12230","95.0"
"IT12232","IT12231","100.0"
"IT12234","IT12233","100.0"
"IT12250","IT12247","130.0"
"IT12244","IT12243","90.0"
"IT12338","IT12252","100.0"
"IT12237","IT12236","100.0"
"IT12243","IT12242","90.0"
"IT12246","IT12244","130.0"
"IT12240","IT12239","85.0"
"IT12236","IT12380","105.0"
"IT12239","IT12238","85.0"
"IT12242","IT12241","90.0"
"IT12247","IT12246","130.0"
"IT12241","IT12240","90.0"
"IT12252","IT12250","100.0"
"IT12238","IT12237","85.0"
"IT00841","IT00860","135.0"
"IT00864","IT00866","105.0"
"IT00860","IT00861","135.0"
"IT00861","IT00862","105.0"
"IT00866","IT00867","105.0"
"IT00862","IT00864","105.0"
"IT12200","IT12015","130.0"
"IT12203","IT12064","130.0"
"IT12064","IT12200","130.0"
"IT12204","IT12203","95.0"
"IT12143","IT12134","85.0"
"IT12130","IT12143","85.0"
"IT12127","IT12125","125.0"
"IT12125","IT12121","120.0"
"IT12132","IT12069","105.0"
"IT12135","IT12130","60.0"
"IT12129","IT12145","110.0"
"IT12069","IT12140","110.0"
"IT12121","IT12133","120.0"
"IT12066","IT12129","85.0"
"IT12144","IT12135","60.0"
"IT12139","IT12132","90.0"
"IT12140","IT12131","110.0"
"IT12131","IT12066","87.5"
"IT12145","IT12799","120.0"
"IT12134","IT12139","90.0"
"IT12799","IT12127","125.0"
"IT12209","IT12207","130.0"
"IT12209","IT12211","95.0"
"IT12370","IT12212","100.0"
"IT12207","IT12206","130.0"
"IT12206","IT12068","130.0"
"IT12211","IT12212","105.0"
"IT12213","IT12216","80.0"
"IT12213","IT12370","105.0"
"IT12136","IT12137","65.0"
"IT12134","IT12136","85.0"
"IT12004","IT12138","65.0"
"IT12902","IT12856","90.0"
"IT12857","IT12859","100.0"
"IT12853","IT12861","100.0"
"IT12861","IT12862","100.0"
"IT12859","IT12860","100.0"
"IT12896","IT12857","100.0"
"IT12856","IT12896","85.0"
"IT12860","IT12853","100.0"
"IT12817","IT12801","100.0"
"IT12814","IT12815","85.0"
"IT12813","IT12814","95.0"
"IT12816","IT12817","90.0"
"IT12815","IT12816","85.0"
"IT12807","IT12813","95.0"
"IT12865","IT12866","100.0"
"IT12880","IT12881","150.0"
"IT12878","IT12897","150.0"
"IT12882","IT12883","150.0"
"IT12885","IT12886","150.0"
"IT12876","IT12878","140.0"
"IT12866","IT12867","85.0"
"IT12897","IT12879","150.0"
"IT12872","IT12873","100.0"
"IT12886","IT12887","150.0"
"IT12887","IT12888","150.0"
"IT12873","IT12874","110.0"
"IT12800","IT12864","100.0"
"IT12864","IT12865","100.0"
"IT12867","IT12868","110.0"
"IT12875","IT12876","140.0"
"IT12874","IT12875","95.0"
"IT12881","IT12882","150.0"
"IT12869","IT12872","100.0"
"IT12883","IT12885","150.0"
"IT12868","IT12869","85.0"
"IT12879","IT12880","150.0"
"IT12809","IT12890","150.0"
"IT12810","IT12891","117.5"
"IT12889","IT12809","150.0"
"IT12890","IT12819","140.0"
"IT12808","IT12889","150.0"
"IT12888","IT12808","150.0"
"IT12819","IT12810","140.0"
"IT12954","IT12956","140.0"
"IT12956","IT12888","110.0"
"IT12952","IT12954","140.0"
"IT00869","IT00870","95.0"
"IT00879","IT04805","80.0"
"IT00873","IT00874","85.0"
"IT00874","IT00875","95.0"
"IT00871","IT00872","95.0"
"IT00867","IT00869","85.0"
"IT00878","IT00879","95.0"
"IT00877","IT00878","95.0"
"IT00876","IT00877","95.0"
"IT00870","IT00871","95.0"
"IT00872","IT00873","95.0"
"IT00875","IT00876","95.0"
"IT12952","IT12950","140.0"
"IT12973","IT12970","140.0"
"IT12972","IT12973","140.0"
"IT12970","IT12952","140.0"
"IT12103","IT12100","85.0"
"IT12106","IT12105","120.0"
"IT12104","IT12103","120.0"
"IT12111","IT12110","120.0"
"IT12110","IT12109","120.0"
"IT12108","IT12107","120.0"
"IT12114","IT12113","85.0"
"IT12150","IT12115","90.0"
"IT12115","IT12114","100.0"
"IT12113","IT12112","110.0"
"IT12107","IT12106","120.0"
"IT12109","IT12108","120.0"
"IT12112","IT12111","120.0"
"IT12105","IT12104","120.0"
"IT04005","IT04006","135.0"
"IT04006","IT04007","115.0"
"IT04000","IT04003","135.0"
"IT04003","IT04005","135.0"
"IT04007","IT04103","115.0"
"IT00081","IT04000","100.0"
"IT06817","IT06818","50.0"
"IT06813","IT06821","50.0"
"IT06821","IT06816","50.0"
"IT06816","IT06817","50.0"
"IT06818","IT06819","50.0"
"IT06819","IT06820","50.0"
"IT00803","IT00804","85.0"
"IT00801","IT00802","85.0"
"IT00802","IT00803","85.0"
"IT00807","IT00808","85.0"
"IT00809","IT00867","85.0"
"IT00804","IT00834","85.0"
"IT00834","IT00807","85.0"
"IT00462","IT00801","85.0"
"IT00808","IT00809","85.0"
"IT08302","IT08300","80.0"
"IT08303","IT08301","105.0"
"IT08304","IT08303","105.0"
"IT08300","IT08207","90.0"
"IT08301","IT08302","100.0"
"IT09530","IT09311","85.0"
"IT09510","IT09528","90.0"
"IT09511","IT09510","75.0"
"IT09509","IT09530","85.0"
"IT09512","IT09511","80.0"
"IT09529","IT09513","90.0"
"IT09514","IT09529","75.0"
"IT09528","IT09509","90.0"
"IT09513","IT09512","80.0"
"IT11402","IT11406","95.0"
"IT11304","IT11403","85.0"
"IT11406","IT11108","100.0"
"IT11403","IT11402","85.0"
"IT00970","IT00977","85.0"
"IT00973","IT00053","90.0"
"IT00971","IT00978","90.0"
"IT00976","IT00043","90.0"
"IT00974","IT00971","90.0"
"IT00978","IT00972","90.0"
"IT00977","IT00973","90.0"
"IT00053","IT00974","90.0"
"IT00972","IT00976","90.0"
"IT00070","IT00970","85.0"
"IT00140","IT00138","95.0"
"IT00147","IT00145","95.0"
"IT00138","IT00137","95.0"
"IT00152","IT00151","120.0"
"IT00157","IT00156","110.0"
"IT00158","IT00157","110.0"
"IT00156","IT00155","130.0"
"IT00144","IT00142","95.0"
"IT00145","IT00144","95.0"
"IT00155","IT00154","130.0"
"IT00160","IT00159","135.0"
"IT00148","IT00147","95.0"
"IT00153","IT00152","120.0"
"IT00159","IT00158","135.0"
"IT00232","IT00160","130.0"
"IT00142","IT00141","95.0"
"IT00149","IT00148","95.0"
"IT00151","IT00149","120.0"
"IT00141","IT00140","95.0"
"IT00154","IT00153","120.0"
"IT00245","IT00005","150.0"
"IT00005","IT00271","120.0"
"IT00272","IT00273","120.0"
"IT00273","IT00034","120.0"
"IT00271","IT00272","120.0"
"IT12381","IT12382","70.0"
"IT12372","IT12371","95.0"
"IT12380","IT12381","70.0"
"IT12373","IT12372","90.0"
"IT12382","IT12383","85.0"
"IT12383","IT12375","80.0"
"IT12371","IT12370","90.0"
"IT12374","IT12373","95.0"
"IT12375","IT12374","95.0"
"IT09051","IT09458","75.0"
"IT09457","IT09452","75.0"
"IT09458","IT09457","75.0"
"IT09459","IT09051","75.0"
"IT12124","IT12123","80.0"
"IT12123","IT12122","85.0"
"IT12122","IT12120","115.0"
"IT12125","IT12126","105.0"
"IT12120","IT12150","80.0"
"IT12126","IT12124","105.0"
"IT02830","IT03199","130.0"
"IT02660","IT02661","130.0"
"IT02661","IT02662","130.0"
"IT03199","IT02660","130.0"
"IT02662","IT03200","130.0"
"IT00820","IT00603","115.0"
"IT00824","IT00823","95.0"
"IT00823","IT00822","95.0"
"IT00842","IT00821","85.0"
"IT00822","IT00842","85.0"
"IT00825","IT00824","95.0"
"IT00821","IT00820","115.0"
"IT06752","IT06753","80.0"
"IT06026","IT06750","80.0"
"IT06750","IT06751","80.0"
"IT06751","IT06752","80.0"
"IT00277","IT00278","120.0"
"IT00278","IT00279","120.0"
"IT00034","IT00274","95.0"
"IT00276","IT00277","120.0"
"IT00279","IT01860","130.0"
"IT00275","IT00276","120.0"
"IT00274","IT00275","120.0"
"IT12405","IT12406","100.0"
"IT12385","IT12387","80.0"
"IT12387","IT12400","135.0"
"IT12375","IT12384","110.0"
"IT12400","IT12405","105.0"
"IT12384","IT12385","100.0"
"IT12406","IT12407","140.0"
"IT07903","IT07902","115.0"
"IT07802","IT07904","115.0"
"IT07026","IT07900","120.0"
"IT07902","IT07901","115.0"
"IT07901","IT07026","120.0"
"IT07904","IT07903","115.0"
"IT02363","IT02364","90.0"
"IT05307","IT02363","90.0"
"IT02390","IT02391","105.0"
"IT02394","IT02395","110.0"
"IT02392","IT02394","110.0"
"IT02395","IT02396","120.0"
"IT02366","IT02390","105.0"
"IT02391","IT02392","110.0"
"IT02396","IT05703","120.0"
"IT02368","IT02370","130.0"
"IT02366","IT02367","130.0"
"IT02375","IT05706","130.0"
"IT02367","IT02368","130.0"
"IT02374","IT02375","130.0"
"IT02370","IT02373","130.0"
"IT02373","IT02374","115.0"
"IT09523","IT09514","115.0"
"IT09518","IT09526","115.0"
"IT09517","IT09516","85.0"
"IT09515","IT09523","115.0"
"IT09526","IT09517","85.0"
"IT09706","IT09518","120.0"
"IT09516","IT09515","85.0"
"IT09704","IT09705","120.0"
"IT09703","IT09707","120.0"
"IT09705","IT09706","120.0"
"IT09707","IT09704","120.0"
"IT00029","IT00610","135.0"
"IT00034","IT00333","80.0"
"IT00333","IT00058","105.0"
"IT00981","IT00982","135.0"
"IT00983","IT00984","135.0"
"IT00980","IT00981","130.0"
"IT00982","IT00983","135.0"
"IT01020","IT00980","130.0"
"IT12215","IT12214","80.0"
"IT12213","IT12215","80.0"
"IT02500","IT02501","80.0"
"IT02319","IT02500","80.0"
"IT02503","IT02504","90.0"
"IT02501","IT02502","90.0"
"IT02502","IT02503","90.0"
"IT02504","IT02520","100.0"
"IT11306","IT11307","110.0"
"IT11307","IT11309","80.0"
"IT11310","IT11505","100.0"
"IT11309","IT11310","110.0"
"IT11205","IT11300","120.0"
"IT05425","IT05411","105.0"
"IT05411","IT05428","105.0"
"IT05420","IT05422","90.0"
"IT05423","IT05424","90.0"
"IT05418","IT05419","90.0"
"IT05422","IT05423","85.0"
"IT05417","IT05418","90.0"
"IT05419","IT05420","90.0"
"IT05424","IT05425","90.0"
"IT05706","IT05417","90.0"
"IT03084","IT03085","105.0"
"IT03089","IT02703","105.0"
"IT03088","IT03089","105.0"
"IT03019","IT03050","95.0"
"IT03085","IT03087","105.0"
"IT03087","IT03088","105.0"
"IT06809","IT06867","95.0"
"IT06876","IT06820","85.0"
"IT06867","IT06869","110.0"
"IT06869","IT06871","110.0"
"IT06824","IT06038","140.0"
"IT06820","IT06822","110.0"
"IT06874","IT06876","90.0"
"IT06871","IT06874","110.0"
"IT06823","IT06824","140.0"
"IT06822","IT06823","135.0"
"IT08919","IT08904","80.0"
"IT08905","IT08906","105.0"
"IT08900","IT08901","95.0"
"IT08904","IT08905","80.0"
"IT08902","IT08903","75.0"
"IT08539","IT08900","80.0"
"IT08910","IT08912","100.0"
"IT08903","IT08919","75.0"
"IT08913","IT08914","70.0"
"IT08901","IT08902","75.0"
"IT08915","IT08917","70.0"
"IT08914","IT08915","70.0"
"IT08908","IT08910","100.0"
"IT08917","IT09050","75.0"
"IT08912","IT08555","75.0"
"IT08555","IT08913","75.0"
"IT08906","IT08908","75.0"
"IT00984","IT00985","130.0"
"IT00985","IT00986","130.0"
"IT00986","IT00021","130.0"
"IT09466","IT09465","60.0"
"IT11019","IT09468","75.0"
"IT09467","IT09466","60.0"
"IT09477","IT09459","60.0"
"IT09463","IT09462","60.0"
"IT09465","IT09464","60.0"
"IT09462","IT09461","60.0"
"IT09464","IT09463","60.0"
"IT09468","IT09467","110.0"
"IT09461","IT09477","60.0"
"IT07406","IT07434","70.0"
"IT07401","IT07427","110.0"
"IT07436","IT07416","110.0"
"IT07428","IT07405","85.0"
"IT07431","IT07414","100.0"
"IT07430","IT07402","85.0"
"IT07424","IT07600","80.0"
"IT07226","IT07430","85.0"
"IT07423","IT07424","85.0"
"IT07413","IT07415","100.0"
"IT07402","IT07401","75.0"
"IT07407","IT07429","70.0"
"IT07435","IT07409","75.0"
"IT07427","IT07403","110.0"
"IT07414","IT07436","110.0"
"IT07601","IT08539","105.0"
"IT07404","IT07428","85.0"
"IT07416","IT07417","110.0"
"IT07409","IT07410","75.0"
"IT07418","IT07420","90.0"
"IT07411","IT07413","100.0"
"IT07600","IT07601","105.0"
"IT07422","IT07423","85.0"
"IT07429","IT07408","70.0"
"IT07405","IT07406","80.0"
"IT07403","IT07404","110.0"
"IT07421","IT07426","95.0"
"IT07420","IT07421","95.0"
"IT07434","IT07407","70.0"
"IT07417","IT07418","110.0"
"IT07408","IT07435","55.0"
"IT07415","IT07431","100.0"
"IT07426","IT07422","95.0"
"IT07410","IT07411","80.0"
"IT02314","IT02315","60.0"
"IT02309","IT02312","70.0"
"IT02308","IT02309","70.0"
"IT02317","IT02318","85.0"
"IT02003","IT02013","55.0"
"IT02312","IT02313","105.0"
"IT02300","IT02301","70.0"
"IT02301","IT02305","70.0"
"IT02315","IT02317","85.0"
"IT02307","IT02308","70.0"
"IT02318","IT02319","85.0"
"IT02306","IT02307","65.0"
"IT02038","IT02003","65.0"
"IT02013","IT02300","70.0"
"IT02305","IT02306","65.0"
"IT02313","IT02314","60.0"
"IT01622","IT01538","40.0"
"IT01620","IT01622","40.0"
"IT08650","IT08751","70.0"
"IT11051","IT11053","115.0"
"IT11053","IT11057","130.0"
"IT11056","IT11054","120.0"
"IT11057","IT11056","130.0"
"IT11100","IT11051","125.0"
"IT12895","IT12855","95.0"
"IT12854","IT12895","95.0"
"IT12851","IT12854","95.0"
"IT12852","IT12851","95.0"
"IT12850","IT12852","30.0"
"IT00021","IT00043","130.0"
"IT12802","IT12804","105.0"
"IT12804","IT12805","105.0"
"IT12803","IT12802","30.0"
"IT12805","IT12807","105.0"
"IT05011","IT05090","110.0"
"IT05009","IT05011","110.0"
"IT00700","IT00701","90.0"
"IT00704","IT00029","120.0"
"IT00701","IT00702","90.0"
"IT00547","IT00700","90.0"
"IT00702","IT00704","90.0"
"IT00240","IT00074","130.0"
"IT00072","IT00071","130.0"
"IT00073","IT00072","130.0"
"IT00071","IT00070","105.0"
"IT00074","IT00073","130.0"
"IT00604","IT00547","90.0"
"IT00260","IT00208","80.0"
"IT09806","IT09771","80.0"
"IT09771","IT09756","80.0"
"IT00455","IT00500","105.0"
"IT00044","IT00030","135.0"
"IT00032","IT00033","135.0"
"IT00030","IT00031","135.0"
"IT00033","IT00034","135.0"
"IT00031","IT00032","135.0"
"IT07005","IT07963","50.0"
"IT00034","IT00036","135.0"
"IT00038","IT00039","135.0"
"IT00036","IT00037","135.0"
"IT00037","IT00038","135.0"
"IT00039","IT00041","135.0"
"IT00401","IT00402","100.0"
"IT00402","IT00403","130.0"
"IT00406","IT00039","130.0"
"IT00279","IT00408","130.0"
"IT00408","IT00400","130.0"
"IT00400","IT00401","130.0"
"IT00404","IT00405","130.0"
"IT00403","IT00404","130.0"
"IT00405","IT00406","130.0"
"IT01003","IT00001","120.0"
"IT00004","IT01008","95.0"
"IT00002","IT00003","100.0"
"IT00001","IT00002","100.0"
"IT00003","IT00004","100.0"
"IT01008","IT01009","121.66666666666667"
"IT01009","IT00180","95.0"
"IT00012","IT00014","130.0"
"IT00014","IT00015","130.0"
"IT00010","IT00011","85.0"
"IT00008","IT00010","80.0"
"IT00011","IT00012","85.0"
"IT00006","IT00007","105.0"
"IT00015","IT00016","130.0"
"IT00180","IT00006","105.0"
"IT00007","IT00008","105.0"
"IT00018","IT00022","130.0"
"IT00022","IT00019","130.0"
"IT00017","IT00018","130.0"
"IT00016","IT00017","130.0"
"IT00020","IT00021","130.0"
"IT00019","IT00020","130.0"
"IT00109","IT00110","130.0"
"IT00112","IT00113","85.0"
"IT00113","IT00021","130.0"
"IT00111","IT00112","130.0"
"IT00110","IT00111","130.0"
"IT01121","IT01122","130.0"
"IT01118","IT01120","130.0"
"IT01122","IT01026","110.0"
"IT01120","IT01121","130.0"
"IT01026","IT01123","85.0"
"IT01123","IT00984","100.0"
"IT01439","IT01438","75.0"
"IT01435","IT01434","75.0"
"IT01434","IT01433","65.0"
"IT01433","IT01430","75.0"
"IT01440","IT01439","75.0"
"IT01437","IT01436","75.0"
"IT01438","IT01437","75.0"
"IT01436","IT01435","75.0"
"IT01417","IT01401","60.0"
"IT01400","IT01417","60.0"
"IT01404","IT01405","80.0"
"IT01401","IT01402","90.0"
"IT01405","IT01420","80.0"
"IT01403","IT01404","75.0"
"IT01402","IT01403","75.0"
"IT01429","IT01428","95.0"
"IT01430","IT01429","95.0"
"IT01424","IT01422","105.0"
"IT01426","IT01425","95.0"
"IT01425","IT01424","95.0"
"IT01428","IT01427","135.0"
"IT01422","IT01420","105.0"
"IT01427","IT01426","95.0"
"IT00179","IT00058","60.0"
"IT01416","IT01520","80.0"
"IT01408","IT01409","80.0"
"IT01407","IT01408","80.0"
"IT01414","IT01415","80.0"
"IT01413","IT01414","80.0"
"IT01411","IT01412","80.0"
"IT01409","IT01411","80.0"
"IT01415","IT01416","80.0"
"IT01412","IT01413","80.0"
"IT01420","IT01406","80.0"
"IT01406","IT01407","80.0"
"IT01456","IT01457","80.0"
"IT01310","IT01450","85.0"
"IT01307","IT01308","95.0"
"EU00154","IT01307","95.0"
"IT01454","IT01456","80.0"
"IT01453","IT01454","80.0"
"IT01452","IT01453","90.0"
"IT01450","IT01451","90.0"
"IT01457","IT01458","80.0"
"IT01308","IT01310","95.0"
"IT01451","IT01452","90.0"
"IT01490","IT01491","80.0"
"IT01487","IT01488","80.0"
"IT01484","IT01485","80.0"
"IT01482","IT01483","80.0"
"IT01483","IT01484","80.0"
"IT01486","IT01487","70.0"
"IT01322","IT01480","50.0"
"IT01485","IT01486","70.0"
"IT01489","IT01490","80.0"
"IT01491","IT01458","65.0"
"IT01488","IT01489","80.0"
"IT01480","IT01481","80.0"
"IT01481","IT01482","80.0"
"IT01458","IT01460","90.0"
"IT01463","IT01520","60.0"
"IT01462","IT01463","80.0"
"IT01460","IT01461","80.0"
"IT01461","IT01462","80.0"
"IT01526","IT01527","90.0"
"IT01522","IT01523","105.0"
"IT01527","IT01528","90.0"
"IT01525","IT01526","105.0"
"IT01520","IT01522","105.0"
"IT01524","IT01525","105.0"
"IT01523","IT01524","80.0"
"IT01524","IT01515","115.0"
"IT01514","IT01513","115.0"
"IT01515","IT01514","115.0"
"IT01512","IT01511","130.0"
"IT01513","IT01512","130.0"
"IT01511","IT01510","130.0"
"IT01510","IT01322","130.0"
"IT01318","IT01500","105.0"
"IT01511","IT01502","120.0"
"IT01504","IT01528","120.0"
"IT01500","IT01501","105.0"
"IT01501","IT01511","105.0"
"IT01503","IT01504","120.0"
"IT01502","IT01503","85.0"
"IT01538","IT01539","110.0"
"IT01534","IT01535","110.0"
"IT01528","IT01530","105.0"
"IT01535","IT01536","110.0"
"IT01530","IT01529","105.0"
"IT01536","IT01537","110.0"
"IT01537","IT01538","110.0"
"IT01539","IT01540","110.0"
"IT01529","IT01533","110.0"
"IT01533","IT01534","110.0"
"IT01540","IT01714","90.0"
"EU00156","IT01206","105.0"
"IT01205","IT01207","105.0"
"IT01200","IT01202","80.0"
"IT01211","IT01203","130.0"
"IT01207","IT01208","105.0"
"IT01208","IT01209","105.0"
"IT01209","IT01210","105.0"
"IT01206","IT01211","130.0"
"IT01202","IT01211","80.0"
"IT01210","IT01030","105.0"
"IT01212","IT01205","95.0"
"IT01203","IT01204","112.5"
"IT01204","IT01212","130.0"
"IT00172","IT00174","135.0"
"IT00176","IT00177","135.0"
"IT00170","IT00171","120.0"
"IT00177","IT00178","105.0"
"IT00171","IT00172","135.0"
"IT00178","IT00179","105.0"
"IT00027","IT00170","130.0"
"IT00175","IT00176","135.0"
"IT00174","IT00175","135.0"
"IT01721","IT01601","150.0"
"IT01600","IT01611","130.0"
"IT01608","IT01600","130.0"
"IT01601","IT01608","130.0"
"IT01611","IT01612","130.0"
"IT01612","IT01529","130.0"
"IT01904","IT01905","100.0"
"IT01900","IT01901","120.0"
"IT01902","IT01903","120.0"
"IT01901","IT01902","120.0"
"IT01903","IT01904","100.0"
"IT01905","IT01906","120.0"
"IT01906","IT01915","120.0"
"IT01915","IT01960","120.0"
"IT01559","IT05009","100.0"
"IT01961","IT01962","120.0"
"IT01963","IT01964","120.0"
"IT01964","IT01559","120.0"
"IT01960","IT01961","120.0"
"IT01962","IT01963","120.0"
"IT01970","IT01971","130.0"
"IT01557","IT01970","130.0"
"IT05000","IT01557","130.0"
"IT01971","IT01960","130.0"
"IT01606","IT01607","120.0"
"IT01602","IT01603","120.0"
"IT01609","IT01905","120.0"
"IT01610","IT01606","120.0"
"IT01604","IT01605","120.0"
"IT01605","IT01610","120.0"
"IT01603","IT01604","120.0"
"IT01607","IT01609","120.0"
"IT01708","IT01602","110.0"
"IT01063","IT01059","140.0"
"IT01065","IT01102","140.0"
"IT01060","IT00034","140.0"
"IT01630","IT01064","140.0"
"IT01102","IT01063","140.0"
"IT01112","IT01065","140.0"
"IT01064","IT01112","140.0"
"IT01059","IT01062","140.0"
"IT01631","IT01630","90.0"
"IT01061","IT01060","140.0"
"IT01062","IT01061","140.0"
"IT00315","IT00316","135.0"
"IT00316","IT00041","135.0"
"IT00314","IT00315","135.0"
"IT01871","IT01827","110.0"
"IT01863","IT01864","110.0"
"IT01866","IT01867","110.0"
"IT01864","IT01865","110.0"
"IT01870","IT01871","110.0"
"IT01869","IT01870","110.0"
"IT01862","IT01863","110.0"
"IT01867","IT01868","110.0"
"IT01868","IT01869","110.0"
"IT01860","IT01861","80.0"
"IT01865","IT01866","110.0"
"IT01861","IT01862","80.0"
"IT01914","IT01915","135.0"
"IT01828","IT01910","105.0"
"IT01910","IT01911","105.0"
"IT01912","IT01913","135.0"
"IT01911","IT01912","105.0"
"IT01913","IT01914","135.0"
"IT01916","IT01917","135.0"
"IT01918","IT01919","135.0"
"IT01915","IT01916","135.0"
"IT01917","IT01918","135.0"
"IT01920","IT01921","135.0"
"IT01924","IT01922","135.0"
"IT01923","IT02336","135.0"
"IT01921","IT01924","135.0"
"IT01922","IT01923","135.0"
"IT01919","IT01920","135.0"
"IT01717","IT01900","120.0"
"IT01842","IT01843","120.0"
"IT01900","IT01840","120.0"
"IT01847","IT01848","120.0"
"IT01848","IT01919","120.0"
"IT01845","IT01846","120.0"
"IT01846","IT01847","120.0"
"IT01840","IT01841","120.0"
"IT01844","IT01845","120.0"
"IT01841","IT01842","120.0"
"IT01843","IT01844","120.0"
"IT01852","IT01853","120.0"
"IT01919","IT01849","120.0"
"IT01853","IT05014","120.0"
"IT01849","IT01850","120.0"
"IT01850","IT01851","120.0"
"IT01851","IT01852","120.0"
"IT02060","IT02018","80.0"
"IT02102","IT02103","80.0"
"IT02107","IT02060","60.0"
"IT02113","IT02114","80.0"
"IT02110","IT02111","80.0"
"IT02112","IT02113","80.0"
"IT02103","IT02105","80.0"
"IT02018","IT02110","80.0"
"IT02016","IT02107","80.0"
"IT02105","IT02016","80.0"
"IT02111","IT02112","80.0"
"IT02011","IT02102","80.0"
"IT02222","IT02218","100.0"
"IT02225","IT02224","65.0"
"IT02012","IT02226","105.0"
"IT02226","IT02059","105.0"
"IT02224","IT02223","75.0"
"IT02059","IT02225","105.0"
"IT02223","IT02222","75.0"
"IT02218","IT02219","100.0"
"IT02217","IT02216","65.0"
"IT02219","IT02217","100.0"
"IT02141","IT02147","140.0"
"IT02142","IT02140","140.0"
"IT02145","IT02143","140.0"
"IT02574","IT02141","140.0"
"IT02147","IT02146","140.0"
"IT02146","IT02145","140.0"
"IT02143","IT02142","140.0"
"IT00042","IT00080","135.0"
"IT00041","IT00042","135.0"
"IT02431","IT02436","60.0"
"IT02330","IT02331","140.0"
"IT02436","IT02433","100.0"
"IT02429","IT02499","60.0"
"IT02430","IT02499","130.0"
"IT02499","IT02330","140.0"
"IT02334","IT02336","140.0"
"IT02331","IT02332","140.0"
"IT02332","IT02333","140.0"
"IT02333","IT02334","140.0"
"IT02010","IT02499","60.0"
"IT02008","IT02499","60.0"
"IT02008","IT02432","60.0"
"IT02021","IT02019","135.0"
"IT02337","IT02340","135.0"
"IT02019","IT02337","135.0"
"IT02336","IT02021","120.0"
"IT02343","IT02344","140.0"
"IT02340","IT02343","120.0"
"IT02345","IT02346","140.0"
"IT02344","IT02345","140.0"
"IT02351","IT05268","140.0"
"IT05262","IT05032","100.0"
"IT05262","IT05025","60.0"
"IT02346","IT02349","140.0"
"IT02349","IT02351","140.0"
"IT02383","IT05310","115.0"
"IT02381","IT02382","120.0"
"IT02336","IT02380","95.0"
"IT02027","IT02381","120.0"
"IT02382","IT02383","120.0"
"IT02384","IT02364","120.0"
"IT05310","IT02384","120.0"
"IT02364","IT02366","120.0"
"IT02554","IT02556","70.0"
"IT02553","IT02554","70.0"
"IT02557","IT02558","70.0"
"IT02556","IT02557","70.0"
"IT02550","IT02553","100.0"
"IT02558","IT02559","85.0"
"IT02567","IT02568","120.0"
"IT02565","IT02566","85.0"
"IT02569","IT02570","120.0"
"IT02562","IT02563","80.0"
"IT02564","IT02565","80.0"
"IT02563","IT02564","85.0"
"IT02568","IT02569","120.0"
"IT02566","IT02567","85.0"
"IT02559","IT02560","80.0"
"IT02560","IT02562","80.0"
"IT02570","IT02575","140.0"
"IT02575","IT02537","140.0"
"IT00514","IT00515","135.0"
"IT00028","IT00510","60.0"
"IT00515","IT00082","135.0"
"IT00512","IT00513","135.0"
"IT00513","IT00514","135.0"
"IT00082","IT00517","135.0"
"IT00511","IT00512","135.0"
"IT00510","IT00511","120.0"
"IT02537","IT02525","125.0"
"IT02525","IT02526","140.0"
"IT02526","IT02527","140.0"
"IT02527","IT02528","140.0"
"IT02548","IT02650","60.0"
"IT02533","IT02582","60.0"
"IT02528","IT02548","100.0"
"IT02570","IT02600","140.0"
"IT02601","IT02602","140.0"
"IT02600","IT02601","140.0"
"IT02602","IT02712","140.0"
"IT02761","IT02762","125.0"
"IT02762","IT02763","125.0"
"IT02712","IT02760","125.0"
"IT02766","IT02767","125.0"
"IT02767","IT02769","125.0"
"IT02768","IT03200","125.0"
"IT02765","IT02766","125.0"
"IT02760","IT02761","125.0"
"IT02769","IT02768","125.0"
"IT02763","IT02765","125.0"
"IT02735","IT02733","85.0"
"IT02736","IT02735","80.0"
"IT02733","IT02732","80.0"
"IT02732","IT02576","120.0"
"IT02558","IT02736","80.0"
"IT02531","IT02532","145.0"
"IT02532","IT02534","145.0"
"IT02574","IT02530","110.0"
"IT02534","IT02535","90.0"
"IT02530","IT02531","125.0"
"IT02536","IT02537","145.0"
"IT02535","IT02541","145.0"
"IT02541","IT02536","145.0"
"IT02539","IT02540","140.0"
"IT02537","IT02538","150.0"
"IT02538","IT02539","150.0"
"IT02540","IT02555","140.0"
"IT02520","IT02521","130.0"
"IT02522","IT02535","130.0"
"IT02521","IT02522","130.0"
"IT00609","IT00029","135.0"
"IT00607","IT00608","135.0"
"IT00606","IT00607","135.0"
"IT00608","IT00609","135.0"
"IT02535","IT02523","130.0"
"IT02524","IT02525","130.0"
"IT02523","IT02524","130.0"
"IT02507","IT02537","140.0"
"IT02506","IT02507","140.0"
"IT02520","IT02506","140.0"
"IT02510","IT02511","140.0"
"IT02508","IT02509","140.0"
"IT02511","IT02512","140.0"
"IT02514","IT02510","140.0"
"IT02537","IT02508","140.0"
"IT02509","IT02514","140.0"
"IT04810","IT04801","80.0"
"IT04805","IT04810","95.0"
"IT04801","IT04806","65.0"
"IT03125","IT03120","130.0"
"IT03120","IT03124","130.0"
"IT03026","IT03036","130.0"
"IT03032","IT03033","120.0"
"IT03032","IT03028","120.0"
"IT03999","IT03125","130.0"
"IT03121","IT03122","130.0"
"IT03124","IT03121","130.0"
"IT03033","IT03036","120.0"
"IT03151","IT03150","130.0"
"IT03996","IT03207","60.0"
"IT03996","IT03995","60.0"
"IT03206","IT03047","60.0"
"IT03122","IT03151","130.0"
"IT04804","IT04803","80.0"
"IT04803","IT04805","80.0"
"IT04801","IT04802","80.0"
"IT04802","IT04804","80.0"
"IT04108","IT04110","85.0"
"IT04104","IT04105","90.0"
"IT04106","IT04107","85.0"
"IT04110","IT04123","85.0"
"IT04103","IT04104","90.0"
"IT04105","IT04106","105.0"
"IT04107","IT04108","85.0"
"IT05801","IT05802","120.0"
"IT05713","IT05800","100.0"
"IT05800","IT05801","100.0"
"IT00233","IT00027","160.0"
"IT00235","IT00236","160.0"
"IT00237","IT00238","160.0"
"IT00243","IT00244","160.0"
"IT00238","IT00239","160.0"
"IT00232","IT00233","160.0"
"IT00246","IT00247","160.0"
"IT00229","IT00231","160.0"
"IT00231","IT00232","160.0"
"IT00236","IT00237","160.0"
"IT00005","IT00246","160.0"
"IT00044","IT00252","150.0"
"IT01040","IT01041","180.0"
"IT00027","IT00234","160.0"
"IT01041","IT01042","180.0"
"IT00247","IT00043","160.0"
"IT00240","IT00243","160.0"
"IT01042","IT01058","180.0"
"IT00234","IT00235","160.0"
"IT00252","IT01040","180.0"
"IT00239","IT00240","157.5"
"IT00244","IT00245","160.0"
"IT01058","IT01090","180.0"
"IT01028","IT01029","130.0"
"IT01016","IT01017","115.0"
"IT01025","IT01026","87.5"
"IT01015","IT01016","115.0"
"IT01027","IT01028","130.0"
"IT01020","IT01025","120.0"
"IT01009","IT01010","135.0"
"IT01012","IT01013","110.0"
"IT01019","IT01020","110.0"
"IT01053","IT01004","60.0"
"IT01053","IT01054","120.0"
"IT01017","IT01018","115.0"
"IT01004","IT01054","60.0"
"IT01026","IT01027","117.5"
"IT01029","IT01030","130.0"
"IT01013","IT01015","117.5"
"IT01018","IT01019","115.0"
"IT01010","IT01012","115.0"
"IT01003","IT01053","140.0"
"IT01054","IT01008","115.0"
"IT01118","IT01140","130.0"
"IT01117","IT01118","95.0"
"IT01144","IT01145","130.0"
"IT01116","IT01117","95.0"
"IT01140","IT01141","130.0"
"IT01113","IT01116","105.0"
"IT01143","IT01144","130.0"
"IT01142","IT01143","130.0"
"IT01145","IT01030","130.0"
"IT01141","IT01142","130.0"
"IT01315","IT01316","150.0"
"IT01312","IT01313","135.0"
"IT01310","IT01052","105.0"
"IT01313","IT01315","150.0"
"IT01316","IT01318","150.0"
"IT01052","IT01312","105.0"
"EU00155","IT01052","135.0"
"IT04207","IT04112","100.0"
"IT04218","IT04113","110.0"
"IT04113","IT04122","110.0"
"IT04208","IT04209","100.0"
"IT04204","IT04112","100.0"
"IT04209","IT04210","90.0"
"IT04214","IT04215","105.0"
"IT04112","IT04208","100.0"
"IT04112","IT04211","140.0"
"IT04210","IT04211","90.0"
"IT04211","IT04212","140.0"
"IT04211","IT04214","105.0"
"IT04215","IT04216","85.0"
"IT04217","IT04222","110.0"
"IT04222","IT04218","110.0"
"IT04216","IT04217","85.0"
"IT00213","IT00214","155.0"
"IT00215","IT00216","135.0"
"IT00191","IT00202","110.0"
"IT00203","IT00204","130.0"
"IT00212","IT00213","155.0"
"EU00127","IT00191","110.0"
"IT00210","IT00211","155.0"
"IT00204","IT00205","130.0"
"IT00202","IT00203","100.0"
"IT00207","IT00208","105.0"
"IT00206","IT00207","105.0"
"IT00211","IT00212","155.0"
"IT00214","IT00215","155.0"
"IT00205","IT00251","107.5"
"IT00251","IT00206","102.5"
"IT00209","IT00210","150.0"
"IT00208","IT00209","150.0"
"IT01944","IT01945","150.0"
"IT01945","IT01947","150.0"
"IT01809","IT01807","160.0"
"IT01805","IT01930","85.0"
"IT01940","IT01941","150.0"
"IT01951","IT05000","150.0"
"IT01942","IT01943","150.0"
"IT01949","IT01950","150.0"
"IT01931","IT01932","85.0"
"IT01947","IT01948","150.0"
"IT01950","IT01951","150.0"
"IT01948","IT01949","150.0"
"IT01932","IT01944","85.0"
"IT00081","IT01940","150.0"
"IT01810","IT01809","160.0"
"IT01943","IT01944","150.0"
"IT01930","IT01931","85.0"
"IT01807","IT01942","150.0"
"IT01941","IT01050","150.0"
"IT01706","IT01707","165.0"
"IT01717","IT02080","180.0"
"IT01714","IT01716","160.0"
"IT02088","IT02093","150.0"
"IT01709","IT01710","160.0"
"IT02094","IT02008","150.0"
"IT01713","IT01714","160.0"
"IT01711","IT01712","160.0"
"IT02008","IT02430","125.0"
"IT02082","IT02083","180.0"
"IT02084","IT02088","160.0"
"IT02010","IT02008","60.0"
"IT01710","IT01711","160.0"
"IT01721","IT01708","155.0"
"IT02080","IT02082","180.0"
"IT01708","IT01709","160.0"
"IT01707","IT01721","150.0"
"IT01716","IT01811","160.0"
"IT01712","IT01713","160.0"
"IT01704","IT01720","180.0"
"IT01730","IT01721","200.0"
"IT01705","IT01722","180.0"
"IT02429","IT02008","60.0"
"IT01720","IT01730","200.0"
"IT01720","IT01705","180.0"
"IT01703","IT01704","180.0"
"IT01703","IT01720","180.0"
"IT01722","IT01706","180.0"
"IT02093","IT02094","150.0"
"IT02083","IT02084","160.0"
"IT02443","IT02444","160.0"
"IT02440","IT02441","180.0"
"IT02442","IT02443","160.0"
"IT02446","IT02578","180.0"
"IT02437","IT02440","180.0"
"IT02435","IT02437","180.0"
"IT02580","IT02544","180.0"
"IT02579","IT02580","180.0"
"IT02441","IT02442","160.0"
"IT02444","IT02446","155.0"
"IT02433","IT02435","180.0"
"IT02544","IT02650","60.0"
"IT02578","IT02579","180.0"
"IT02012","IT02029","160.0"
"IT02033","IT02034","155.0"
"IT02042","IT02038","135.0"
"IT02035","IT02037","135.0"
"IT02040","IT02044","150.0"
"IT02030","IT02031","160.0"
"IT02009","IT02011","85.0"
"IT02007","IT02009","90.0"
"IT02034","IT02035","140.0"
"IT02032","IT02033","155.0"
"IT02429","IT02010","60.0"
"IT02050","IT02051","115.0"
"IT02006","IT02007","105.0"
"IT02049","IT02050","150.0"
"IT02046","IT02048","150.0"
"IT02052","IT02053","115.0"
"IT02011","IT02014","110.0"
"IT02051","IT02052","115.0"
"IT02029","IT02030","160.0"
"IT02004","IT02002","130.0"
"IT02044","IT02046","135.0"
"IT02038","IT02040","150.0"
"IT02010","IT02430","115.0"
"IT02010","IT02432","60.0"
"IT02001","IT02004","130.0"
"IT02014","IT02017","110.0"
"IT02020","IT02024","180.0"
"IT02017","IT02020","80.0"
"IT02053","IT02055","170.0"
"IT02048","IT02049","150.0"
"IT02031","IT02032","155.0"
"IT02002","IT02005","130.0"
"IT02024","IT02026","110.0"
"IT02037","IT02042","135.0"
"IT02005","IT02006","80.0"
"IT02055","IT02010","115.0"
"IT05309","IT05304","150.0"
"IT05311","IT05313","150.0"
"IT05304","IT05308","150.0"
"IT02499","IT05301","200.0"
"IT05002","IT05319","195.0"
"IT05319","IT05302","195.0"
"IT05310","IT05309","150.0"
"IT05308","IT05311","150.0"
"IT05314","IT05316","195.0"
"IT05316","IT05002","195.0"
"IT05301","IT05307","200.0"
"IT05313","IT05314","195.0"
"IT05307","IT05310","190.0"
"IT05708","IT05709","160.0"
"IT05700","IT05701","180.0"
"IT02650","IT05700","180.0"
"IT05704","IT05705","180.0"
"IT05705","IT05706","180.0"
"IT05721","IT05722","170.0"
"IT05709","IT05710","135.0"
"IT05701","IT05702","180.0"
"IT02581","IT02650","140.0"
"IT05720","IT05721","170.0"
"IT05719","IT05720","155.0"
"IT05702","IT05703","180.0"
"IT05710","IT05711","160.0"
"IT05706","IT05707","180.0"
"IT05712","IT05719","155.0"
"IT05711","IT05712","160.0"
"IT05707","IT05708","180.0"
"IT05703","IT05704","180.0"
"IT02545","IT02595","145.0"
"IT02545","IT02591","220.0"
"IT02587","IT02588","180.0"
"IT02595","IT02586","180.0"
"IT02586","IT02587","180.0"
"IT03048","IT03207","60.0"
"IT03204","IT03205","150.0"
"IT03310","IT03312","110.0"
"IT03044","IT03471","60.0"
"IT03202","IT03203","150.0"
"IT03040","IT03311","95.0"
"IT02665","IT02664","150.0"
"IT03550","IT03466","100.0"
"IT03205","IT03206","150.0"
"IT03203","IT03204","150.0"
"IT03213","IT03212","150.0"
"IT03212","IT03039","110.0"
"IT03471","IT03466","75.0"
"IT02663","IT03200","150.0"
"IT03311","IT03042","95.0"
"IT03312","IT03313","110.0"
"IT02667","IT02666","150.0"
"IT03207","IT03213","150.0"
"IT02668","IT02667","150.0"
"IT03200","IT03202","150.0"
"IT02672","IT02673","150.0"
"IT02673","IT02670","150.0"
"IT02666","IT02665","150.0"
"IT03041","IT03550","80.0"
"IT02670","IT02668","150.0"
"IT03206","IT03207","150.0"
"IT02664","IT02663","150.0"
"IT02831","IT02830","150.0"
"IT03010","IT03016","180.0"
"IT03032","IT03026","140.0"
"IT03015","IT03006","180.0"
"IT02702","IT02703","150.0"
"IT02706","IT02708","150.0"
"IT03026","IT02832","150.0"
"IT02704","IT02705","150.0"
"IT02708","IT02709","115.0"
"IT02713","IT02715","150.0"
"IT02830","IT02700","150.0"
"IT02709","IT02710","150.0"
"IT03021","IT03022","180.0"
"IT02705","IT02576","150.0"
"IT02715","IT02717","150.0"
"IT02700","IT02701","150.0"
"IT03018","IT03019","180.0"
"IT02712","IT02713","150.0"
"IT03016","IT03018","180.0"
"IT03020","IT03029","140.0"
"IT02710","IT02552","150.0"
"IT03023","IT03032","150.0"
"IT03006","IT03010","180.0"
"IT03022","IT03023","150.0"
"IT02703","IT02704","150.0"
"IT03019","IT03021","180.0"
"IT02701","IT02702","150.0"
"IT02832","IT02831","150.0"
"IT03309","IT03212","30.0"
"IT03309","IT03039","110.0"
"IT03029","IT03030","140.0"
"IT03030","IT03031","140.0"
"IT03026","IT03028","95.0"
"IT03307","IT03308","110.0"
"IT03031","IT03300","140.0"
"EU00149","IT03304","50.0"
"IT03302","IT03304","140.0"
"IT03304","IT03307","160.0"
"IT03308","IT03309","110.0"
"IT03301","IT03302","140.0"
"IT03300","IT03301","140.0"
"IT00458","IT00463","140.0"
"IT00468","IT00469","180.0"
"IT00459","IT00460","150.0"
"IT00456","IT00457","180.0"
"IT00081","IT04200","180.0"
"IT00465","IT00466","180.0"
"IT00457","IT00458","180.0"
"IT00455","IT00456","160.0"
"IT00469","IT00080","180.0"
"IT00461","IT00462","180.0"
"IT04200","IT04201","180.0"
"IT04203","IT04206","160.0"
"IT00463","IT00459","150.0"
"IT04206","IT04207","115.0"
"IT04201","IT04203","140.0"
"IT00466","IT00468","180.0"
"IT00460","IT00461","140.0"
"IT00462","IT00465","180.0"
"IT01556","IT05000","140.0"
"IT05031","IT05024","180.0"
"IT05039","IT05386","200.0"
"IT05032","IT05037","200.0"
"IT01827","IT01828","180.0"
"IT05023","IT05031","200.0"
"IT01825","IT01826","165.0"
"IT05000","IT05005","195.0"
"IT01828","IT01829","160.0"
"IT01826","IT01827","180.0"
"IT05007","IT05009","195.0"
"IT05012","IT05014","200.0"
"IT05014","IT05021","200.0"
"IT01823","IT01824","190.0"
"IT05024","IT05025","180.0"
"IT01830","IT01821","200.0"
"IT01822","IT01823","195.0"
"IT01821","IT01822","200.0"
"IT05025","IT05032","150.0"
"IT01824","IT01825","190.0"
"IT01624","IT01830","115.0"
"IT01820","IT01624","115.0"
"IT05021","IT05023","200.0"
"IT05264","IT05039","200.0"
"IT05386","IT05041","200.0"
"IT01551","IT01824","180.0"
"IT05005","IT05006","195.0"
"IT05009","IT05012","200.0"
"IT05006","IT05007","195.0"
"IT01829","IT01556","150.0"
"IT06424","IT06418","170.0"
"IT06425","IT06419","140.0"
"IT06423","IT06424","170.0"
"IT05134","IT05137","175.0"
"IT05003","IT05138","140.0"
"IT05137","IT05135","175.0"
"IT05133","IT05134","180.0"
"IT06418","IT06425","170.0"
"IT06418","IT06419","170.0"
"IT05138","IT05139","140.0"
"IT05135","IT05136","120.0"
"IT05131","IT05132","180.0"
"IT06416","IT06418","170.0"
"IT06416","IT06417","170.0"
"IT05132","IT05133","140.0"
"IT06417","IT06423","170.0"
"IT05136","IT06416","120.0"
"IT05139","IT05131","140.0"
"IT04710","IT04711","85.0"
"IT04734","IT04735","100.0"
"IT06003","IT06005","180.0"
"IT04733","IT04734","110.0"
"IT04731","IT04732","115.0"
"IT06005","IT06042","180.0"
"IT04707","IT04709","95.0"
"IT04730","IT04731","140.0"
"IT04721","IT04722","115.0"
"IT06000","IT06004","105.0"
"IT04728","IT04729","140.0"
"IT06043","IT06040","160.0"
"IT04724","IT04725","115.0"
"IT04725","IT04726","115.0"
"IT06015","IT06497","180.0"
"IT04722","IT04723","115.0"
"IT06008","IT06006","115.0"
"IT06009","IT06011","160.0"
"IT04714","IT04716","85.0"
"IT04735","IT04736","100.0"
"IT06044","IT06171","103.33333333333333"
"IT06011","IT06012","160.0"
"IT04729","IT04730","122.5"
"IT06006","IT06007","115.0"
"IT04726","IT04727","107.5"
"IT04711","IT04712","85.0"
"IT04732","IT04733","127.5"
"IT06040","IT06015","180.0"
"IT06012","IT06043","160.0"
"IT04716","IT04718","100.0"
"IT04723","IT04724","115.0"
"IT06007","IT06003","180.0"
"IT06002","IT06171","100.0"
"IT06004","IT06044","103.33333333333333"
"IT06004","IT06002","30.0"
"IT04709","IT04710","95.0"
"IT06042","IT06009","180.0"
"IT04713","IT04714","85.0"
"IT04736","IT06000","107.5"
"IT04727","IT04728","120.0"
"IT04720","IT04721","95.0"
"IT04718","IT04720","85.0"
"IT06171","IT06008","105.0"
"IT04712","IT04713","85.0"
"IT06160","IT06161","100.0"
"IT06166","IT06010","110.0"
"IT06020","IT06008","110.0"
"IT06153","IT06014","130.0"
"IT06164","IT06165","100.0"
"IT06100","IT06101","150.0"
"IT06016","IT06156","150.0"
"IT06162","IT06163","75.0"
"IT06010","IT06013","180.0"
"IT06103","IT06153","150.0"
"IT06151","IT06152","140.0"
"IT06013","IT06170","180.0"
"IT06102","IT06103","150.0"
"IT06159","IT06160","100.0"
"IT06150","IT06151","140.0"
"IT06170","IT06171","110.0"
"IT06014","IT06016","150.0"
"IT06161","IT06162","125.0"
"IT06165","IT06166","100.0"
"IT06163","IT06164","100.0"
"IT06156","IT06158","150.0"
"IT06101","IT06102","150.0"
"IT06152","IT06153","140.0"
"IT05009","IT06100","150.0"
"IT06158","IT06159","100.0"
"IT05014","IT06150","140.0"
"IT06502","IT06500","135.0"
"IT06516","IT06514","135.0"
"IT06514","IT06512","135.0"
"IT06515","IT06516","135.0"
"IT06512","IT06513","120.0"
"IT06512","IT06001","170.0"
"IT06517","IT06511","115.0"
"IT06505","IT06504","150.0"
"IT06511","IT06510","160.0"
"IT06508","IT06506","160.0"
"IT06506","IT06505","160.0"
"IT06513","IT06517","105.0"
"IT06510","IT06509","160.0"
"IT06509","IT06508","150.0"
"IT06504","IT06502","135.0"
"IT06001","IT06517","170.0"
"IT06035","IT06036","180.0"
"IT06721","IT06725","93.33333333333333"
"IT08007","IT08008","140.0"
"IT08022","IT08021","170.0"
"IT08004","IT08006","160.0"
"IT08010","IT08015","150.0"
"IT06056","IT06720","160.0"
"IT08003","IT08004","180.0"
"IT08009","IT08010","150.0"
"IT08019","IT08020","170.0"
"IT06019","IT06025","130.0"
"IT06728","IT06729","110.0"
"IT08002","IT08003","180.0"
"IT06500","IT06056","145.0"
"IT06500","IT06018","140.0"
"IT08018","IT08019","170.0"
"IT06722","IT06723","60.0"
"IT08021","IT08018","170.0"
"IT08001","IT08002","180.0"
"IT06030","IT06059","180.0"
"IT08006","IT08007","170.0"
"IT06727","IT06728","110.0"
"IT06032","IT06033","180.0"
"IT06729","IT06730","155.0"
"IT06725","IT06727","150.0"
"IT06036","IT06037","170.0"
"IT06033","IT06035","180.0"
"IT06018","IT06019","140.0"
"IT06028","IT06029","180.0"
"IT06720","IT06722","160.0"
"IT06029","IT06030","180.0"
"IT08015","IT08016","160.0"
"IT06730","IT06025","155.0"
"IT06038","IT06039","180.0"
"IT06031","IT06032","180.0"
"IT06026","IT06028","180.0"
"IT06039","IT08001","180.0"
"IT06025","IT06026","155.0"
"IT08008","IT08009","150.0"
"IT08016","IT08022","170.0"
"IT06037","IT06038","180.0"
"IT08200","IT08201","150.0"
"IT06052","IT06911","105.0"
"IT06051","IT06915","130.0"
"IT06919","IT06920","150.0"
"IT06908","IT06909","180.0"
"IT06909","IT06910","180.0"
"IT06925","IT08200","150.0"
"IT06911","IT06912","105.0"
"IT08206","IT08207","110.0"
"IT08122","IT08203","110.0"
"IT06907","IT06939","180.0"
"IT06924","IT06925","140.0"
"IT06920","IT06921","150.0"
"IT08201","IT08202","150.0"
"IT06903","IT06904","120.0"
"IT06915","IT06926","160.0"
"IT06904","IT06905","105.0"
"IT08213","IT08214","115.0"
"IT06910","IT06052","110.0"
"IT06902","IT06903","110.0"
"IT08211","IT08221","110.0"
"IT06913","IT06051","130.0"
"IT06905","IT06906","100.0"
"IT08212","IT08241","110.0"
"IT08241","IT08213","110.0"
"IT06936","IT06902","100.0"
"IT06926","IT06045","160.0"
"IT08221","IT08212","110.0"
"IT06045","IT06919","160.0"
"IT08123","IT08205","110.0"
"IT06923","IT06924","150.0"
"IT08202","IT08122","110.0"
"IT08210","IT08211","110.0"
"IT06921","IT06922","150.0"
"IT06912","IT06913","110.0"
"IT08209","IT08210","110.0"
"IT08207","IT08125","110.0"
"IT06922","IT06923","150.0"
"IT06901","IT06928","110.0"
"IT08205","IT08206","110.0"
"IT08125","IT08209","110.0"
"IT08203","IT08123","110.0"
"IT06906","IT06907","155.0"
"IT08120","IT08121","250.0"
"IT08240","IT08126","250.0"
"IT06053","IT06050","250.0"
"IT08123","IT08124","100.0"
"IT06045","IT06049","100.0"
"IT06917","IT06054","250.0"
"IT06927","IT06931","250.0"
"IT08200","IT08120","100.0"
"IT06050","IT06049","250.0"
"IT06050","IT06051","100.0"
"IT06049","IT06927","250.0"
"IT06931","IT08120","250.0"
"IT06931","IT06856","100.0"
"IT06054","IT06053","250.0"
"IT06054","IT06939","100.0"
"IT08124","IT08240","250.0"
"IT06935","IT06917","250.0"
"IT08121","IT08124","250.0"
"IT08121","IT08122","100.0"
"IT08119","IT08233","250.0"
"IT08126","IT08119","250.0"
"IT08126","IT08125","100.0"
"IT08209","IT08119","100.0"
"IT06052","IT06053","125.0"
"IT08233","IT08230","250.0"
"IT08230","IT08026","250.0"
"IT06856","IT06925","130.0"
"IT09004","IT09005","140.0"
"IT08608","IT08609","180.0"
"IT09002","IT09003","175.0"
"IT09005","IT09006","140.0"
"IT08609","IT08604","160.0"
"IT08601","IT08602","180.0"
"IT08606","IT08607","180.0"
"IT08640","IT09150","155.0"
"IT09001","IT09002","175.0"
"IT08602","IT08603","180.0"
"IT09000","IT09001","180.0"
"IT09003","IT09004","140.0"
"IT08605","IT08606","180.0"
"IT09006","IT09007","140.0"
"IT09150","IT09000","180.0"
"IT08600","IT08601","180.0"
"IT09007","IT09008","140.0"
"IT08607","IT08640","145.0"
"IT08603","IT08608","180.0"
"IT08604","IT08605","140.0"
"IT09100","IT09111","170.0"
"IT09111","IT09114","155.0"
"IT09114","IT09101","155.0"
"IT09003","IT09100","170.0"
"IT01805","IT01806","150.0"
"IT01104","IT01802","160.0"
"IT04302","IT04207","155.0"
"IT01803","IT01860","150.0"
"IT01810","IT04302","155.0"
"IT01860","IT01804","160.0"
"IT04330","IT04203","140.0"
"IT01804","IT01805","160.0"
"IT01802","IT01803","150.0"
"IT01801","IT01104","160.0"
"IT01806","IT01807","150.0"
"IT04331","IT04330","140.0"
"IT01820","IT01801","160.0"
"IT09200","IT09210","140.0"
"IT09200","IT09201","150.0"
"IT09202","IT09203","150.0"
"IT09206","IT09207","150.0"
"IT09211","IT09212","150.0"
"IT09210","IT09117","140.0"
"IT09204","IT09205","150.0"
"IT09212","IT09214","150.0"
"IT09208","IT09209","140.0"
"IT09201","IT09202","150.0"
"IT09213","IT09215","150.0"
"IT09209","IT09211","140.0"
"IT09203","IT09204","150.0"
"IT09214","IT09213","150.0"
"IT09205","IT09206","150.0"
"IT09956","IT09208","150.0"
"IT08665","IT08668","140.0"
"IT08660","IT08661","110.0"
"IT08680","IT08671","150.0"
"IT08652","IT08654","145.0"
"IT09199","IT09198","150.0"
"IT08662","IT08664","110.0"
"IT09117","IT09118","100.0"
"IT09117","IT09060","100.0"
"IT08655","IT08651","145.0"
"IT08666","IT08665","110.0"
"IT08658","IT08659","135.0"
"IT08657","IT08658","120.0"
"IT08661","IT08662","110.0"
"IT08668","IT08680","150.0"
"IT08656","IT08657","135.0"
"IT08651","IT08653","145.0"
"IT08671","IT09199","150.0"
"IT08667","IT08660","110.0"
"IT08663","IT08666","110.0"
"IT08664","IT08663","110.0"
"IT08659","IT08667","110.0"
"IT08654","IT08656","145.0"
"IT08653","IT08652","145.0"
"IT08650","IT08655","145.0"
"IT09207","IT09956","150.0"
"IT05065","IT05066","180.0"
"IT05055","IT05052","180.0"
"IT05059","IT05013","200.0"
"IT05058","IT05059","200.0"
"IT07110","IT07111","180.0"
"IT07107","IT07108","180.0"
"IT07104","IT07105","200.0"
"IT07108","IT07109","180.0"
"IT07111","IT07112","160.0"
"IT07119","IT07102","200.0"
"IT07105","IT07107","200.0"
"IT07015","IT07113","147.5"
"IT05068","IT05069","140.0"
"IT05053","IT05054","180.0"
"IT05052","IT05053","180.0"
"IT07112","IT07015","160.0"
"IT05013","IT05065","180.0"
"IT05066","IT05067","180.0"
"IT07102","IT07104","165.0"
"IT05071","IT07100","200.0"
"IT05057","IT05071","140.0"
"IT07101","IT07119","200.0"
"IT05056","IT05058","200.0"
"IT05067","IT05068","180.0"
"IT05069","IT05057","140.0"
"IT05054","IT05056","180.0"
"IT05051","IT05055","180.0"
"IT07100","IT07101","200.0"
"IT07109","IT07110","180.0"
"IT07244","IT07208","130.0"
"IT07233","IT07213","105.0"
"IT07212","IT07233","105.0"
"IT07209","IT07211","100.0"
"IT07213","IT07214","95.0"
"IT07201","IT07210","180.0"
"IT07219","IT07221","150.0"
"IT07207","IT07244","110.0"
"IT07205","IT07206","95.0"
"IT07230","IT07229","150.0"
"IT07235","IT08209","150.0"
"IT07203","IT07204","150.0"
"IT07218","IT07219","180.0"
"IT07204","IT07205","110.0"
"IT07225","IT07226","105.0"
"IT07229","IT07235","150.0"
"IT07111","IT07117","167.5"
"IT07202","IT07234","150.0"
"IT07221","IT07224","100.0"
"IT07206","IT07207","95.0"
"IT07224","IT07225","100.0"
"IT07210","IT07202","180.0"
"IT07216","IT07217","110.0"
"IT07234","IT07203","150.0"
"IT07211","IT07212","105.0"
"IT07214","IT07215","95.0"
"IT07217","IT07218","180.0"
"IT07226","IT07230","150.0"
"IT07117","IT07200","180.0"
"IT07208","IT07232","100.0"
"IT07200","IT07201","180.0"
"IT07243","IT07209","100.0"
"IT07232","IT07243","100.0"
"IT07215","IT07216","110.0"
"IT07801","IT07802","160.0"
"IT07510","IT07511","160.0"
"IT07021","IT07502","135.0"
"IT07500","IT07114","135.0"
"IT07814","IT07815","150.0"
"IT07825","IT11019","150.0"
"IT11028","IT11100","150.0"
"IT11024","IT11025","150.0"
"IT07512","IT07513","160.0"
"IT07821","IT07822","150.0"
"IT07513","IT07514","160.0"
"IT07507","IT07508","180.0"
"IT07800","IT07801","160.0"
"IT11023","IT11024","150.0"
"IT07506","IT07507","180.0"
"IT07019","IT07813","150.0"
"IT07817","IT07018","150.0"
"IT07018","IT07821","150.0"
"IT07114","IT07021","135.0"
"IT07511","IT07512","160.0"
"IT11019","IT11020","135.0"
"IT07802","IT07804","160.0"
"IT11021","IT11022","150.0"
"IT11025","IT11028","150.0"
"IT07504","IT07505","170.0"
"IT11020","IT11021","150.0"
"IT07503","IT07504","160.0"
"IT11022","IT11030","150.0"
"IT11030","IT11023","150.0"
"IT07505","IT07506","170.0"
"IT07805","IT07806","160.0"
"IT07804","IT07805","160.0"
"IT07806","IT07807","160.0"
"IT07508","IT07510","180.0"
"IT07815","IT07817","150.0"
"IT07811","IT07019","70.0"
"IT07822","IT07824","150.0"
"IT07808","IT07810","150.0"
"IT07502","IT07503","160.0"
"IT07113","IT07500","127.5"
"IT07824","IT07825","150.0"
"IT07807","IT07808","150.0"
"IT07813","IT07814","150.0"
"IT11103","IT11106","180.0"
"IT11117","IT11148","30.0"
"IT11102","IT11103","180.0"
"IT11115","IT11116","150.0"
"IT11148","IT11119","110.0"
"IT11106","IT11108","180.0"
"IT11118","IT11043","150.0"
"IT11112","IT11113","155.0"
"IT11116","IT11118","150.0"
"IT11101","IT11102","180.0"
"IT11108","IT11112","160.0"
"IT11110","IT11101","180.0"
"IT11114","IT11115","150.0"
"IT11113","IT11114","155.0"
"IT11043","IT11120","145.0"
"IT09325","IT11221","200.0"
"IT09313","IT09314","150.0"
"IT09311","IT09313","150.0"
"IT09316","IT09317","100.0"
"IT09327","IT09325","200.0"
"IT09323","IT09316","100.0"
"IT09314","IT09324","110.0"
"IT09305","IT09306","135.0"
"IT09309","IT09310","150.0"
"IT09306","IT09326","110.0"
"IT09308","IT09309","110.0"
"IT09307","IT09308","110.0"
"IT09211","IT09303","110.0"
"IT09326","IT09307","110.0"
"IT09310","IT09311","135.0"
"IT09318","IT09319","100.0"
"IT09320","IT09321","110.0"
"IT09317","IT09318","100.0"
"IT09303","IT09304","125.0"
"IT09304","IT09305","135.0"
"IT09315","IT09323","80.0"
"IT11221","IT11111","150.0"
"IT09324","IT09315","110.0"
"IT09321","IT09327","110.0"
"IT09319","IT09320","100.0"
"IT09810","IT09811","150.0"
"IT09806","IT09810","150.0"
"IT09125","IT09711","250.0"
"IT09802","IT09803","140.0"
"IT09804","IT09805","145.0"
"IT09811","IT09812","150.0"
"IT09711","IT09712","250.0"
"IT09812","IT09813","150.0"
"IT09805","IT09806","145.0"
"IT09814","IT09714","150.0"
"IT09803","IT09804","145.0"
"IT09714","IT09818","150.0"
"IT11716","IT11717","135.0"
"IT11706","IT11707","130.0"
"IT11727","IT11728","155.0"
"IT11729","IT11731","155.0"
"IT11707","IT11708","130.0"
"IT09821","IT09822","160.0"
"IT11703","IT11705","170.0"
"IT11725","IT11727","155.0"
"IT11705","IT11706","125.0"
"IT11715","IT11716","135.0"
"IT09823","IT11700","170.0"
"IT11714","IT11715","125.0"
"IT11736","IT11737","145.0"
"IT11702","IT11703","170.0"
"IT11708","IT11709","135.0"
"IT11712","IT11714","130.0"
"IT11717","IT11718","135.0"
"IT09822","IT09823","160.0"
"IT11737","IT11738","170.0"
"IT11731","IT11732","145.0"
"IT09818","IT09821","160.0"
"IT11722","IT11723","120.0"
"IT11732","IT11734","145.0"
"IT11734","IT11735","145.0"
"IT11723","IT11724","120.0"
"IT11721","IT11722","120.0"
"IT11728","IT11729","155.0"
"IT11711","IT11712","135.0"
"IT11738","IT11739","170.0"
"IT11709","IT11711","135.0"
"IT11724","IT11725","150.0"
"IT11718","IT11721","135.0"
"IT11700","IT11702","170.0"
"IT11735","IT11736","145.0"
"IT11757","IT11758","95.0"
"IT11748","IT11749","165.0"
"IT11769","IT11770","125.0"
"IT11780","IT11781","65.0"
"IT11789","IT11790","155.0"
"IT11974","IT11975","110.0"
"IT11744","IT11745","170.0"
"IT11763","IT11764","80.0"
"IT11746","IT11747","165.0"
"IT11753","IT11754","100.0"
"IT11786","IT11761","95.0"
"IT11972","IT11788","165.0"
"IT11788","IT11789","155.0"
"IT11788","IT11752","105.0"
"IT11742","IT11743","170.0"
"IT11975","IT11780","65.0"
"IT11754","IT11787","100.0"
"IT11740","IT11971","170.0"
"IT11776","IT11777","110.0"
"IT11759","IT11760","95.0"
"IT11764","IT11765","65.0"
"IT11745","IT11746","165.0"
"IT11770","IT11771","120.0"
"IT11761","IT11763","95.0"
"IT11790","IT11765","155.0"
"IT11765","IT11701","60.0"
"IT11765","IT11766","140.0"
"IT11971","IT11741","170.0"
"IT11777","IT11973","110.0"
"IT11773","IT11774","110.0"
"IT11772","IT11773","120.0"
"IT11743","IT11744","170.0"
"IT11771","IT11772","120.0"
"IT11741","IT11742","170.0"
"IT11752","IT11753","85.0"
"IT11758","IT11759","95.0"
"IT11787","IT11757","95.0"
"IT11766","IT11769","125.0"
"IT11739","IT11740","170.0"
"IT11774","IT11776","110.0"
"IT11760","IT11786","95.0"
"IT11747","IT11748","165.0"
"IT11973","IT11974","110.0"
"IT11750","IT11972","165.0"
"IT11749","IT11750","165.0"
"IT04540","IT04534","150.0"
"IT04531","IT04532","150.0"
"IT04530","IT04531","150.0"
"IT04532","IT04533","150.0"
"IT04529","IT04530","150.0"
"IT04801","IT04529","150.0"
"IT04533","IT04540","150.0"
"IT04119","IT04801","100.0"
"IT04119","IT04806","65.0"
"IT04520","IT04521","130.0"
"IT04521","IT04522","130.0"
"IT04506","IT04523","180.0"
"IT04526","IT04527","150.0"
"IT04524","IT04525","180.0"
"IT04502","IT04503","110.0"
"IT04527","IT04119","150.0"
"IT04518","IT04519","130.0"
"IT04501","IT04502","100.0"
"IT04514","IT04515","100.0"
"IT04505","IT04506","180.0"
"IT04519","IT04520","130.0"
"IT04523","IT04524","180.0"
"IT04503","IT04505","160.0"
"IT04525","IT04514","90.0"
"IT04515","IT04516","95.0"
"IT04517","IT04518","125.0"
"IT04522","IT04526","150.0"
"IT04516","IT04517","130.0"
"IT00228","IT00225","155.0"
"IT00059","IT00025","155.0"
"IT00450","IT00452","115.0"
"IT00024","IT00450","60.0"
"IT00024","IT00026","95.0"
"IT00453","IT00455","160.0"
"IT00026","IT00035","80.0"
"IT00035","IT00228","155.0"
"IT00035","IT00060","155.0"
"IT00048","IT00223","80.0"
"IT00225","IT00229","160.0"
"IT00452","IT00453","160.0"
"IT00452","IT00035","110.0"
"IT00452","IT00028","160.0"
"IT00217","IT00059","155.0"
"IT00219","IT00024","100.0"
"IT00219","IT00452","115.0"
"IT00223","IT00024","150.0"
"IT00223","IT00026","60.0"
"IT00025","IT00048","60.0"
"IT00025","IT00223","155.0"
"IT00760","IT00225","100.0"
"IT00216","IT00217","150.0"
"IT00028","IT00453","160.0"
"IT00195","IT00196","30.0"
"IT00060","IT00228","155.0"
"IT01047","IT01051","60.0"
"IT01047","IT01645","105.0"
"IT01719","IT01715","90.0"
"IT01632","IT01044","60.0"
"IT01049","IT01051","85.0"
"IT01049","IT01326","60.0"
"IT01049","IT01700","85.0"
"IT01051","IT01701","72.5"
"IT01100","IT01039","120.0"
"IT01321","IT01322","140.0"
"IT01048","IT01049","85.0"
"IT01647","IT01648","60.0"
"IT01030","IT01031","160.0"
"IT01318","IT01320","140.0"
"IT01325","IT01326","107.5"
"IT01031","IT01033","160.0"
"IT01649","IT01650","60.0"
"IT01055","IT01645","80.0"
"IT01640","IT01049","105.0"
"IT01640","IT01048","85.0"
"IT01640","IT01639","60.0"
"IT01702","IT01703","105.0"
"IT01702","IT01043","60.0"
"IT01043","IT01819","60.0"
"IT01043","IT01820","60.0"
"IT01326","IT01047","105.0"
"IT01326","IT01051","60.0"
"IT01326","IT01700","110.0"
"IT01326","IT01327","75.0"
"IT01700","IT01051","60.0"
"IT01700","IT01701","107.5"
"IT01639","IT01048","60.0"
"IT01639","IT01055","60.0"
"IT01639","IT01643","60.0"
"IT01642","IT01643","60.0"
"IT01701","IT01719","90.0"
"IT01701","IT01703","120.0"
"IT01701","IT01702","60.0"
"IT01701","IT01820","115.0"
"IT01701","IT01492","60.0"
"IT01633","IT01820","60.0"
"IT01633","IT01492","90.0"
"IT01032","IT01630","60.0"
"IT01036","IT01090","160.0"
"IT01033","IT01034","160.0"
"IT01322","IT01325","150.0"
"IT01034","IT01035","160.0"
"IT01320","IT01321","140.0"
"IT01643","IT01647","60.0"
"IT01037","IT01039","120.0"
"IT01035","IT01036","160.0"
"IT01650","IT01633","90.0"
"IT01715","IT01703","150.0"
"IT01645","IT01055","60.0"
"IT01492","IT01719","90.0"
"IT01492","IT01043","60.0"
"IT01648","IT01649","60.0"
"IT02549","IT02672","135.0"
"IT02717","IT02551","150.0"
"IT02512","IT02561","100.0"
"IT02588","IT02591","180.0"
"IT02551","IT02561","100.0"
"IT02551","IT02517","150.0"
"IT02589","IT02515","30.0"
"IT02589","IT02592","150.0"
"IT02592","IT02542","150.0"
"IT02561","IT02516","100.0"
"IT02516","IT02591","130.0"
"IT02517","IT02549","145.0"
"IT04704","IT04705","95.0"
"IT04535","IT04539","103.33333333333333"
"IT04539","IT04536","100.0"
"IT04114","IT04220","90.0"
"IT04114","IT04221","60.0"
"IT04115","IT04122","110.0"
"IT04115","IT04213","110.0"
"IT04705","IT04707","95.0"
"IT04703","IT04704","110.0"
"IT04117","IT04116","60.0"
"IT04223","IT04603","60.0"
"IT04122","IT04700","110.0"
"IT04536","IT04537","90.0"
"IT04213","IT04212","110.0"
"IT04538","IT04126","60.0"
"IT04109","IT04117","85.0"
"IT04537","IT04538","90.0"
"IT04701","IT04124","60.0"
"IT04700","IT04124","80.0"
"IT04220","IT04223","60.0"
"IT04220","IT04700","90.0"
"IT04702","IT04703","110.0"
"IT04118","IT04109","60.0"
"IT04546","IT04535","80.0"
"IT04546","IT04118","160.0"
"IT04221","IT04610","60.0"
"IT04221","IT04126","60.0"
"IT05111","IT05101","100.0"
"IT05101","IT05152","140.0"
"IT05724","IT05725","160.0"
"IT05109","IT05110","85.0"
"IT05108","IT05109","90.0"
"IT05010","IT05321","125.0"
"IT05076","IT05049","147.5"
"IT05075","IT05076","60.0"
"IT05075","IT05077","115.0"
"IT05072","IT05043","60.0"
"IT05072","IT05073","80.0"
"IT05081","IT05076","147.5"
"IT05081","IT05077","125.0"
"IT05107","IT05120","90.0"
"IT05102","IT05111","110.0"
"IT05104","IT05121","100.0"
"IT05050","IT05075","60.0"
"IT05099","IT05726","60.0"
"IT05077","IT05140","132.5"
"IT05062","IT05063","80.0"
"IT05726","IT05724","126.66666666666667"
"IT05043","IT05081","125.0"
"IT05043","IT05001","60.0"
"IT05043","IT05321","110.0"
"IT05043","IT05073","60.0"
"IT05723","IT05099","60.0"
"IT05723","IT05726","170.0"
"IT05063","IT05072","80.0"
"IT05063","IT05064","60.0"
"IT05064","IT05072","80.0"
"IT05725","IT05064","80.0"
"IT05725","IT05082","160.0"
"IT05121","IT05105","100.0"
"IT05322","IT05061","150.0"
"IT05082","IT05078","160.0"
"IT05078","IT05043","115.0"
"IT05120","IT05108","90.0"
"IT05106","IT05107","90.0"
"IT05041","IT05062","80.0"
"IT05041","IT05321","200.0"
"IT05114","IT05106","100.0"
"IT05061","IT05010","80.0"
"IT05061","IT05062","80.0"
"IT05100","IT05102","110.0"
"IT05152","IT05103","140.0"
"IT05722","IT05723","170.0"
"IT05049","IT05051","147.5"
"IT05001","IT05321","60.0"
"IT05103","IT05104","140.0"
"IT05140","IT05130","132.5"
"IT05321","IT05100","110.0"
"IT05020","IT05075","115.0"
"IT05020","IT05050","60.0"
"IT05105","IT05114","100.0"
"IT05073","IT05020","115.0"
"IT06900","IT06901","110.0"
"IT06420","IT06421","100.0"
"IT06420","IT06430","80.0"
"IT06420","IT06048","100.0"
"IT06421","IT06420","100.0"
"IT06421","IT06062","90.0"
"IT06421","IT06431","60.0"
"IT06419","IT06420","130.0"
"IT06419","IT06048","60.0"
"IT06957","IT06900","75.0"
"IT06048","IT06600","100.0"
"IT06048","IT06515","100.0"
"IT06431","IT06900","80.0"
"IT06950","IT06062","75.0"
"IT06950","IT06957","75.0"
"IT08127","IT08128","110.0"
"IT08127","IT08238","110.0"
"IT08503","IT08529","150.0"
"IT08514","IT08513","155.0"
"IT08408","IT08217","65.0"
"IT08408","IT08409","90.0"
"IT08408","IT08674","65.0"
"IT08320","IT08321","85.0"
"IT08013","IT08503","110.0"
"IT08529","IT08502","150.0"
"IT08324","IT08325","85.0"
"IT08232","IT08217","75.0"
"IT08505","IT08500","135.0"
"IT08406","IT08408","85.0"
"IT08236","IT08217","75.0"
"IT08399","IT08405","110.0"
"IT08497","IT08409","25.0"
"IT08405","IT08406","78.33333333333333"
"IT08020","IT08025","170.0"
"IT08020","IT08403","160.0"
"IT08222","IT08215","115.0"
"IT08235","IT08237","110.0"
"IT08504","IT08013","120.0"
"IT08325","IT08322","85.0"
"IT08400","IT08404","110.0"
"IT08237","IT08231","110.0"
"IT08237","IT08219","30.0"
"IT08328","IT08329","85.0"
"IT08025","IT08323","150.0"
"IT08217","IT08409","130.0"
"IT08217","IT08674","60.0"
"IT08219","IT08128","30.0"
"IT08219","IT08238","30.0"
"IT08216","IT08026","115.0"
"IT08500","IT08226","60.0"
"IT08513","IT08501","155.0"
"IT08215","IT08216","115.0"
"IT08509","IT08505","135.0"
"IT08321","IT08330","85.0"
"IT08404","IT08399","110.0"
"IT08411","IT08412","125.0"
"IT08330","IT08324","85.0"
"IT08322","IT08326","85.0"
"IT08005","IT08405","65.0"
"IT08409","IT08500","80.0"
"IT08409","IT08674","113.75"
"IT08326","IT08327","85.0"
"IT08329","IT08323","72.5"
"IT08323","IT08405","85.0"
"IT08323","IT08005","75.0"
"IT08014","IT08232","110.0"
"IT08238","IT08236","110.0"
"IT08506","IT08504","110.0"
"IT08327","IT08328","85.0"
"IT08502","IT08514","155.0"
"IT08331","IT08332","90.0"
"IT08674","IT08600","175.0"
"IT08674","IT08672","150.0"
"IT08501","IT08509","155.0"
"IT08495","IT08497","25.0"
"IT08495","IT08409","25.0"
"IT08412","IT08413","125.0"
"IT08333","IT08320","85.0"
"IT08220","IT08409","130.0"
"IT08026","IT08235","110.0"
"IT08026","IT08217","165.0"
"IT08214","IT08222","115.0"
"IT08403","IT08400","110.0"
"IT08319","IT08333","100.0"
"IT08672","IT08650","150.0"
"IT08413","IT08403","125.0"
"IT09217","IT09121","60.0"
"IT09116","IT09220","60.0"
"IT09116","IT09122","60.0"
"IT09116","IT09112","60.0"
"IT09801","IT09802","150.0"
"IT09110","IT09121","60.0"
"IT09109","IT09123","60.0"
"IT09101","IT09102","150.0"
"IT09102","IT09113","150.0"
"IT09121","IT09800","92.5"
"IT09106","IT09107","85.0"
"IT09108","IT09109","85.0"
"IT09122","IT09110","60.0"
"IT09215","IT09216","150.0"
"IT09800","IT09801","150.0"
"IT09113","IT09103","150.0"
"IT09103","IT09104","115.0"
"IT09104","IT09105","115.0"
"IT09105","IT09106","85.0"
"IT09107","IT09108","85.0"
"IT09008","IT09009","140.0"
"IT09216","IT09116","150.0"
"IT09009","IT09112","140.0"
"IT00229","IT17401","70.0"
"IT17401","IT00880","70.0"
"IT00880","IT00881","70.0"
"IT00881","IT00882","70.0"
"IT00882","IT00883","70.0"
"IT00883","IT00884","70.0"
